﻿ChEMBL ID,Name,Synonyms,Type,Max Phase,Molecular Weight,Targets,Bioactivities,AlogP,Polar Surface Area,HBA,HBD,#RO5 Violations,#Rotatable Bonds,Passes Ro3,QED Weighted,CX Acidic pKa,CX Basic pKa,CX LogP,CX LogD,Aromatic Rings,Structure Type,Inorganic Flag,Heavy Atoms,HBA (Lipinski),HBD (Lipinski),#RO5 Violations (Lipinski),Molecular Weight (Monoisotopic),Molecular Species,Molecular Formula,Smiles
CHEMBL880,FAMCICLOVIR,BRL-42810|FAMCICLOVIR|Famvir,Small molecule,4,321.34,142,841,0.54,122.22,9,1,0,7,N,0.73,None,3.65,-0.48,-0.48,2,MOL,0,23,9,2,0,321.1437,NEUTRAL,C14H19N5O4,CC(=O)OCC(CCn1cnc2cnc(N)nc21)COC(C)=O
CHEMBL1664,FOSAMPRENAVIR,FOSAMPRENAVIR|Fosamprenavir|GW-433908|GW433908|GW433908A,Small molecule,4,585.62,7,29,2.52,177.72,8,4,1,13,N,0.2,1.22,2.45,1.92,-1.2,2,MOL,0,39,12,5,2,585.191,ACID,C25H36N3O9PS,CC(C)CN(C[C@@H](OP(=O)(O)O)[C@H](Cc1ccccc1)NC(=O)O[C@H]1CCOC1)S(=O)(=O)c1ccc(N)cc1
CHEMBL29609,PLECONARIL,PLECONARIL|VP 63843|VP-63843|WIN 63843|WIN-63843,Small molecule,2,381.35,76,243,4.68,74.18,6,0,0,6,N,0.58,None,1.64,5.04,5.04,3,MOL,0,27,6,0,0,381.13,NEUTRAL,C18H18F3N3O3,Cc1cc(CCCOc2c(C)cc(-c3noc(C(F)(F)F)n3)cc2C)on1
CHEMBL584,NELFINAVIR,NELFINAVIR|Nelfinavir|Viracept,Small molecule,4,567.8,157,908,4.75,101.9,6,4,1,9,N,0.33,9.32,8.18,4.72,4.09,2,MOL,0,40,7,4,1,567.3131,NEUTRAL,C32H45N3O4S,Cc1c(O)cccc1C(=O)N[C@@H](CSc1ccccc1)[C@H](O)CN1C[C@H]2CCCC[C@H]2C[C@H]1C(=O)NC(C)(C)C
CHEMBL31634,BRIVUDINE,BRIVUDINE|BVDU|Bromovinyldeoxyuridine|NSC-633770|RP-101|RP101,Small molecule,2,333.14,80,1361,-0.46,104.55,6,3,0,3,N,0.69,9.74,None,-0.5,-0.5,1,MOL,0,19,7,3,0,332.0008,NEUTRAL,C11H13BrN2O5,O=c1[nH]c(=O)n([C@H]2C[C@H](O)[C@@H](CO)O2)cc1/C=C/Br
CHEMBL4297592,AMENAMEVIR,AMENAMEVIR|ASP-2151|ASP2151,Small molecule,3,482.56,1,1,3.15,122.47,7,1,0,6,N,0.57,12.19,None,2.61,2.61,3,MOL,0,34,9,1,0,482.1624,NEUTRAL,C24H26N4O5S,Cc1cccc(C)c1N(CC(=O)Nc1ccc(-c2ncon2)cc1)C(=O)C1CCS(=O)(=O)CC1
CHEMBL1090,VIDARABINE,ARA-A|Arabinosyladenine|CI 673|CI-673|NSC-247519|NSC-404241|VIDARABINE|VIDARABINE MONOHYDRATE|Vira-A,Small molecule,4,267.25,72,392,-1.98,139.54,9,4,0,2,N,0.49,12.45,3.94,-2.09,-2.09,2,MOL,0,19,9,5,0,267.0968,NEUTRAL,C10H13N5O4,Nc1ncnc2c1ncn2[C@@H]1O[C@H](CO)[C@@H](O)[C@@H]1O
CHEMBL141,LAMIVUDINE,"BCH 189, (-)-|EPIVIR-HBV|Epivir|GR 109714X|GR-109714X|LAMIVUDINE|ZEFFIX",Small molecule,4,229.26,188,2070,-0.59,90.37,7,2,0,2,N,0.7,None,None,-1.1,-1.1,1,MOL,0,15,6,3,0,229.0521,NEUTRAL,C8H11N3O3S,Nc1ccn([C@@H]2CS[C@H](CO)O2)c(=O)n1
CHEMBL593,DELAVIRDINE,DELAVIRDINE|Delavirdine|U-90152,Small molecule,4,456.57,49,632,2.72,110.43,6,3,0,6,N,0.53,9.39,6.82,1.02,0.92,3,MOL,0,32,9,3,0,456.1944,NEUTRAL,C22H28N6O3S,CC(C)Nc1cccnc1N1CCN(C(=O)c2cc3cc(NS(C)(=O)=O)ccc3[nH]2)CC1
CHEMBL2364608,DORAVIRINE,DORAVIRINE|MK-1439|PIFELTRO,Small molecule,4,425.75,11,37,2.65,105.7,7,1,0,4,N,0.69,9.66,None,2.23,2.23,3,MOL,0,29,8,1,0,425.0503,NEUTRAL,C17H11ClF3N5O3,Cn1c(Cn2ccc(C(F)(F)F)c(Oc3cc(Cl)cc(C#N)c3)c2=O)n[nH]c1=O
CHEMBL1323,DARUNAVIR,DARUNAVIR|MC-114|PREZISTA|TMC 114|TMC-114|TMC-41629|TMC114|UIC-94017|UIC-940T,Small molecule,4,547.67,29,630,2.38,140.42,8,3,1,11,N,0.36,13.59,2.39,2.82,2.82,2,MOL,0,38,10,4,1,547.2352,NEUTRAL,C27H37N3O7S,CC(C)CN(C[C@@H](O)[C@H](Cc1ccccc1)NC(=O)O[C@H]1CO[C@H]2OCC[C@@H]12)S(=O)(=O)c1ccc(N)cc1
CHEMBL175691,RILPIVIRINE,EDURANT|R 278474|R-278474|R278474|RILPIVIRINE|TMC-278|TMC278,Small molecule,4,366.43,33,666,4.99,97.42,6,2,0,5,N,0.62,11.43,4.44,5.47,5.47,3,MOL,0,28,6,2,0,366.1593,NEUTRAL,C22H18N6,Cc1cc(/C=C/C#N)cc(C)c1Nc1ccnc(Nc2ccc(C#N)cc2)n1
CHEMBL254316,RALTEGRAVIR,ISENTRESS|MK-0518|RALTEGRAVIR,Small molecule,4,444.42,46,703,0.91,152.24,9,3,0,6,N,0.51,7.02,None,-0.39,-0.92,3,MOL,0,32,11,3,1,444.1557,NEUTRAL,C20H21FN6O5,Cc1nnc(C(=O)NC(C)(C)c2nc(C(=O)NCc3ccc(F)cc3)c(O)c(=O)n2C)o1
CHEMBL458875,CLEVUDINE,CLEVUDINE|L-FMAU|LEVOVIR,Small molecule,3,260.22,7,31,-1.57,104.55,6,3,0,2,N,0.6,10.1,None,-1.13,-1.13,1,MOL,0,18,7,3,0,260.0808,NEUTRAL,C10H13FN2O5,Cc1cn([C@H]2O[C@@H](CO)[C@H](O)[C@H]2F)c(=O)[nH]c1=O
CHEMBL152,CIDOFOVIR,CIDOFOVIR|GS-0504|Vistide,Small molecule,4,279.19,85,1047,-1.66,147.9,7,4,0,6,N,0.45,1.35,None,-2.28,-4.7,1,MOL,0,18,9,5,0,279.062,ACID,C8H14N3O6P,Nc1ccn(C[C@@H](CO)OCP(=O)(O)O)c(=O)n1
CHEMBL182,GANCICLOVIR,BW 759U|BW-759U|CYMEVENE|Cymevene|Cytovene|GANCICLOVIR|GANZYK-RTU|RS-21592|VALGANCICLOVIR HYDROCHLORIDE IMPURITY A|VIRGAN|Vitrasert|ZIRGAN,Small molecule,4,255.23,236,2292,-1.56,139.54,9,4,0,5,N,0.5,11.58,1.01,-1.19,-1.19,2,MOL,0,18,9,5,0,255.0968,NEUTRAL,C9H13N5O4,Nc1nc(O)c2ncn(COC(CO)CO)c2n1
CHEMBL922,ADEFOVIR DIPIVOXIL,ADEFOVIR DI(PIVALOYLOXYMETHYL) ESTER|ADEFOVIR DIPIVOXIL|ADEFOVIR PIVOXIL|Adefovir dipivoxil|GS-0840|Hepsera,Small molecule,4,501.48,50,289,2.7,166.98,13,1,2,11,N,0.21,None,3.75,3.06,3.06,2,MOL,0,34,13,2,2,501.1988,NEUTRAL,C20H32N5O8P,CC(C)(C)C(=O)OCOP(=O)(COCCn1cnc2c(N)ncnc21)OCOC(=O)C(C)(C)C
CHEMBL1214598,UMIFENOVIR,Arbidol|UMIFENOVIR,Small molecule,3,477.42,28,90,5.18,54.7,6,1,1,7,N,0.38,6.01,9.87,3.75,3.74,3,MOL,0,29,5,1,1,476.0769,ZWITTERION,C22H25BrN2O3S,CCOC(=O)c1c(CSc2ccccc2)n(C)c2cc(Br)c(O)c(CN(C)C)c12
CHEMBL129,ZIDOVUDINE,AZIDOTHYMIDINE|AZT|Azidothymidine|BW A509U|BW-A-509U|BW-A509U|BWA509U|COMPOUND S|COMPOUND-S|NSC-602670|Retrovir|ZIDOVUDINE,Small molecule,4,267.25,297,4061,-0.2,133.08,6,2,0,3,N,0.45,9.96,None,-0.3,-0.41,1,MOL,0,19,9,2,0,267.0968,NEUTRAL,C10H13N5O4,Cc1cn([C@H]2C[C@H](N=[N+]=[N-])[C@@H](CO)O2)c(=O)[nH]c1=O
CHEMBL515408,MARIBAVIR,1263-W-94|1263W94|MARIBAVIR,Small molecule,3,376.24,16,92,1.77,99.77,7,4,0,4,N,0.65,12.45,6.38,1.84,1.8,2,MOL,0,24,7,4,0,375.0753,NEUTRAL,C15H19Cl2N3O4,CC(C)Nc1nc2cc(Cl)c(Cl)cc2n1[C@H]1O[C@@H](CO)[C@H](O)[C@@H]1O
CHEMBL3301594,FOSTEMSAVIR,BMS-663068|FOSTEMSAVIR,Small molecule,4,583.5,,,1.17,182.21,11,2,2,8,N,0.17,1.75,0.97,-0.13,-2.62,4,MOL,0,41,15,2,2,583.158,ACID,C25H26N7O8P,COc1cnc(-n2cnc(C)n2)c2c1c(C(=O)C(=O)N1CCN(C(=O)c3ccccc3)CC1)cn2COP(=O)(O)O
CHEMBL221722,FAVIPIRAVIR,AVIGAN|FAVIPIRAVIR|T-705,Small molecule,3,157.1,27,515,-0.58,89.1,4,2,0,1,N,0.57,9.39,None,0.25,0.25,1,MOL,0,11,5,3,0,157.0288,NEUTRAL,C5H4FN3O2,NC(=O)c1nc(F)cnc1O
CHEMBL4297503,BALOXAVIR MARBOXIL,BALOXAVIR MARBOXIL|S-033188|XOFLUZA,Small molecule,4,571.56,4,94,3.39,99.54,10,0,1,4,N,0.34,None,None,3.38,3.38,3,MOL,0,40,10,0,1,571.1225,NEUTRAL,C27H23F2N3O7S,COC(=O)OCOc1c2n(ccc1=O)N([C@@H]1c3ccccc3SCc3c1ccc(F)c3F)[C@@H]1COCCN1C2=O
CHEMBL2107825,TENOFOVIR ALAFENAMIDE,GS-7340|GS-734003|TENOFOVIR ALAFENAMIDE|VEMLIDY,Small molecule,4,476.47,12,32,2.97,143.48,10,2,0,11,N,0.31,11.36,3.74,1.88,1.88,3,MOL,0,33,11,3,1,476.1937,NEUTRAL,C21H29N6O5P,CC(C)OC(=O)[C@H](C)N[P@](=O)(CO[C@H](C)Cn1cnc2c(N)ncnc21)Oc1ccccc1
CHEMBL1538,TENOFOVIR DISOPROXIL,GS-4331|TENOFOVIR BIS(ISOPROPYLOXYCARBONYLOXYMETHYL) ESTER|TENOFOVIR DISOPROXIL|Tenofovir disoproxil|VIREAD,Small molecule,4,519.45,15,24,3.04,185.44,15,1,2,13,N,0.23,None,3.74,2.65,2.65,2,MOL,0,35,15,2,2,519.173,NEUTRAL,C19H30N5O10P,CC(C)OC(=O)OCOP(=O)(CO[C@H](C)Cn1cnc2c(N)ncnc21)OCOC(=O)OC(C)C
CHEMBL222559,TIPRANAVIR,Aptivus|TIPRANAVIR|Tipranavir|U-140690,Small molecule,4,602.68,30,205,7.33,105.59,6,2,2,11,N,0.22,4.43,None,7.14,3.45,3,MOL,0,42,7,2,2,602.2062,ACID,C31H33F3N2O5S,CCC[C@@]1(CCc2ccccc2)CC(O)=C([C@H](CC)c2cccc(NS(=O)(=O)c3ccc(C(F)(F)F)cn3)c2)C(=O)O1
CHEMBL1201314,VALGANCICLOVIR,VALGANCICLOVIR,Small molecule,4,354.37,6,39,-1.44,171.37,10,4,0,8,N,0.41,10.16,7.48,-1.21,-1.55,2,MOL,0,25,11,6,2,354.1652,NEUTRAL,C14H22N6O5,CC(C)[C@H](N)C(=O)OCC(CO)OCn1cnc2c(=O)[nH]c(N)nc21
CHEMBL1490434,MOROXYDINE,ABOB|MOROXYDINE|SKF 8898-A,Small molecule,0,171.2,11,15,-1.47,100.72,2,3,0,0,N,0.31,None,11.9,-1.58,-3.85,0,MOL,0,12,6,5,0,171.112,BASE,C6H13N5O,N=C(N)/N=C(\N)N1CCOCC1
CHEMBL1716983,ENISAMIUM IODIDE,ENISAMIUM IODIDE,Small molecule,3,354.19,10,12,1.44,32.98,1,1,0,3,Y,0.79,13.65,None,-2.39,-2.39,2,MOL,0,17,3,1,0,227.1179,NEUTRAL,C14H15IN2O,C[n+]1ccc(C(=O)NCc2ccccc2)cc1.[I-]
CHEMBL116,AMPRENAVIR,141 W94|141W94|AMPRENAVIR|Agenerase|J05AE05|KVX-478|VX-478,Small molecule,4,505.64,146,1190,2.4,131.19,7,3,1,11,N,0.4,13.61,2.39,2.43,2.43,2,MOL,0,35,9,4,1,505.2247,NEUTRAL,C25H35N3O6S,CC(C)CN(C[C@@H](O)[C@H](Cc1ccccc1)NC(=O)O[C@H]1CCOC1)S(=O)(=O)c1ccc(N)cc1
CHEMBL374731,TELBIVUDINE,LDT-600|LDT600|NV-02B|SEBIVO|TELBIVUDINE|Tyzeka,Small molecule,4,242.23,20,133,-1.51,104.55,6,3,0,2,N,0.58,9.96,None,-1.12,-1.12,1,MOL,0,17,7,3,0,242.0903,NEUTRAL,C10H14N2O5,Cc1cn([C@@H]2C[C@@H](O)[C@H](CO)O2)c(=O)[nH]c1=O
CHEMBL115,INDINAVIR,CRIXIVAN|Crixivan|INDINAVIR|INDINAVIR MONOHYDRATE|INDINAVIR SYSTEM SUITABILITY|Indinavir|L-735524|MK-639,Small molecule,4,613.8,159,1324,2.87,118.03,7,4,1,11,N,0.26,13.01,6.76,2.81,2.72,3,MOL,0,45,9,4,1,613.3628,NEUTRAL,C36H47N5O4,CC(C)(C)NC(=O)[C@@H]1CN(Cc2cccnc2)CCN1C[C@@H](O)C[C@@H](Cc1ccccc1)C(=O)N[C@H]1c2ccccc2C[C@H]1O
CHEMBL2403238,CABOTEGRAVIR,CABOTEGRAVIR|GSK-1265744A|GSK1265744|GSK1265744A|GSK744|S-265744,Small molecule,4,405.36,18,39,0.96,100.87,6,2,0,3,N,0.79,10.04,None,1.04,1.04,2,MOL,0,29,8,2,0,405.1136,NEUTRAL,C19H17F2N3O5,C[C@H]1CO[C@@H]2Cn3cc(C(=O)NCc4ccc(F)cc4F)c(=O)c(O)c3C(=O)N12
CHEMBL2023898,DACLATASVIR,BMS 790052|BMS-790052|DACLATASVIR|DAKLINZA|EBP 883|EBP-883,Small molecule,4,738.89,32,230,6.22,174.64,8,4,2,11,N,0.14,11.15,6.09,4.18,4.16,4,MOL,0,54,14,4,3,738.3853,NEUTRAL,C40H50N8O6,COC(=O)N[C@H](C(=O)N1CCC[C@H]1c1ncc(-c2ccc(-c3ccc(-c4cnc([C@@H]5CCCN5C(=O)[C@@H](NC(=O)OC)C(C)C)[nH]4)cc3)cc2)[nH]1)C(C)C
CHEMBL1241951,LETERMOVIR,AIC 246|AIC-246|AIC246|LETERMOVIR|MK-8228|PREVYMIS,Small molecule,4,572.56,19,58,5.71,77.84,7,1,2,6,N,0.38,3.75,7.15,4.64,4.22,3,MOL,0,41,8,1,2,572.2047,ACID,C29H28F4N4O4,COc1cccc(N2CCN(C3=Nc4c(F)cccc4[C@H](CC(=O)O)N3c3cc(C(F)(F)F)ccc3OC)CC2)c1
CHEMBL2063090,GRAZOPREVIR,GRAZOPREVIR|GRAZOPREVIR HYDRATE|GRAZOPREVIR MONOHYDRATE|MK-5172|MK-5172 ANHYDROUS|MK-5172 MONOHYDRATE,Small molecule,4,766.92,13,76,3.3,195.22,11,3,2,7,N,0.35,3.77,1.79,3.35,2.5,2,MOL,0,54,15,3,2,766.336,ACID,C38H50N6O9S,C=C[C@@H]1C[C@]1(NC(=O)[C@@H]1C[C@@H]2CN1C(=O)[C@H](C(C)(C)C)NC(=O)O[C@@H]1C[C@H]1CCCCCc1nc3ccc(OC)cc3nc1O2)C(=O)NS(=O)(=O)C1CC1
CHEMBL57,NEVIRAPINE,BIRG 0587|BIRG-0587|NEVIRAPINE|NEVIRAPINE ANHYDROUS|NSC-641530|VIRAMUNE XR|Viramune,Small molecule,4,266.3,191,3254,2.65,58.12,4,1,0,1,N,0.86,None,3.28,2.49,2.49,2,MOL,0,20,5,1,0,266.1168,NEUTRAL,C15H14N4O,Cc1ccnc2c1NC(=O)c1cccnc1N2C1CC1
CHEMBL1540,PENCICLOVIR,BRL-39123|Denavir|FENISTIL|PENCICLOVIR|VECTAVIR,Small molecule,4,253.26,164,899,-0.9,130.31,8,4,0,5,N,0.54,11.59,0.94,-1.08,-1.08,2,MOL,0,18,8,5,0,253.1175,NEUTRAL,C10H15N5O3,Nc1nc(O)c2ncn(CCC(CO)CO)c2n1
CHEMBL3833327,INOSINE PRANOBEX,IMUNOVIR|INOSINE PRANOBEX|ISOPRINOSINE|NP-113|NPT-10381,Small molecule,4,1115.25,,,None,None,None,None,None,None,None,None,None,None,None,None,None,MOL,0,None,None,None,None,577.3799,None,C52H78N10O17,CC(=O)Nc1ccc(C(=O)O)cc1.CC(=O)Nc1ccc(C(=O)O)cc1.CC(=O)Nc1ccc(C(=O)O)cc1.CC(O)CN(C)C.CC(O)CN(C)C.CC(O)CN(C)C.O=c1[nH]cnc2c1ncn2[C@@H]1O[C@H](CO)[C@@H](O)[C@H]1O
CHEMBL713,ENTECAVIR,BMS-200475-01|Baraclude|ENTECAVIR|ENTECAVIR HYDRATE|ENTECAVIR MONOHYDRATE|SQ-34676|SQ34676,Small molecule,4,277.28,23,269,-0.83,130.05,7,4,0,2,N,0.53,10.17,0.74,-1.96,-1.96,2,MOL,0,20,8,5,0,277.1175,NEUTRAL,C12H15N5O3,C=C1[C@@H](n2cnc3c(=O)[nH]c(N)nc32)C[C@H](O)[C@H]1CO
CHEMBL50300,FOSFONET,FOSFONET,Small molecule,0,140.03,34,76,-0.75,94.83,2,3,0,2,N,0.44,1.64,None,-1.6,-7.01,0,MOL,0,8,5,3,0,139.9875,ACID,C2H5O5P,O=C(O)CP(=O)(O)O
CHEMBL853,ZALCITABINE,DDC (DDC)|DIDEOXYCYTIDINE|Hivid|NSC-606170|RO 24-2027/000|RO-24-2027000|RO-242027000|ZALCITABINE,Small molecule,4,211.22,82,742,-0.5,90.37,6,2,0,2,N,0.69,None,None,-1.19,-1.19,1,MOL,0,15,6,3,0,211.0957,NEUTRAL,C9H13N3O3,Nc1ccn([C@H]2CC[C@@H](CO)O2)c(=O)n1
CHEMBL3137312,DASABUVIR,ABT-333|DASABUVIR|EXVIERA,Small molecule,4,493.59,7,15,4.02,110.26,6,2,0,5,N,0.44,9.09,None,3.42,3.42,4,MOL,0,35,8,2,0,493.1671,NEUTRAL,C26H27N3O5S,COc1c(-c2ccc3cc(NS(C)(=O)=O)ccc3c2)cc(-n2ccc(=O)[nH]c2=O)cc1C(C)(C)C
CHEMBL959,RIMANTADINE,RIMANTADINE|Rimantadin,Small molecule,4,179.31,129,642,2.55,26.02,1,1,0,1,Y,0.66,None,10.14,2.22,-0.35,0,MOL,0,13,1,2,0,179.1674,BASE,C12H21N,CC(N)C12CC3CC(CC(C3)C1)C2
CHEMBL1257073,TECOVIRIMAT,SIGA-246|ST 246|ST-246|TECOVIRIMAT|TPOXX,Small molecule,4,376.33,18,512,2.4,66.48,3,1,0,2,N,0.64,9.15,None,2.07,2.07,1,MOL,0,27,5,1,0,376.1035,NEUTRAL,C19H15F3N2O3,O=C(NN1C(=O)[C@H]2[C@H]3C=C[C@H]([C@@H]4C[C@H]34)[C@H]2C1=O)c1ccc(C(F)(F)F)cc1
CHEMBL163,RITONAVIR,A-84538|ABBOTT-84538|ABT-538|NSC-693184|Norvir|RITONAVIR|RITONAVIR RELATED COMPOUNDS MIXTURE,Small molecule,4,720.96,199,1436,5.91,145.78,9,4,2,17,N,0.11,13.68,2.84,5.22,5.22,4,MOL,0,50,11,4,3,720.3128,NEUTRAL,C37H48N6O5S2,CC(C)c1nc(CN(C)C(=O)N[C@H](C(=O)N[C@@H](Cc2ccccc2)C[C@H](O)[C@H](Cc2ccccc2)NC(=O)OCc2cncs2)C(C)C)cs1
CHEMBL1349,VALACYCLOVIR,VALACICLOVIR|VALACYCLOVIR|VALTREX|Valacyclovir|ZELITREX,Small molecule,4,324.34,137,802,-0.8,151.14,9,3,0,7,N,0.44,11.99,7.48,-0.06,-0.4,2,MOL,0,23,10,5,0,324.1546,NEUTRAL,C13H20N6O4,CC(C)[C@H](N)C(=O)OCCOCn1cnc2c(=O)nc(N)[nH]c21
CHEMBL788,IDOXURIDINE,5-IUDR|5IUDR|ALLERGAN 211|ALLERGAN-211|Allergan 211|Allergan-211|Dendrid|Herplex|IDOX|IDOXURIDINE|IDU|KERECID|NSC-39661|OPHTHALMADINE|SK&F 14287|SK&F-14287|Stoxil,Small molecule,4,354.1,168,659,-1.22,104.55,6,3,0,2,N,0.58,8.46,None,-0.53,-0.57,1,MOL,0,17,7,3,0,353.9713,NEUTRAL,C9H11IN2O5,O=c1[nH]c(=O)n([C@H]2C[C@H](O)[C@@H](CO)O2)cc1I
CHEMBL991,STAVUDINE,BMY-27857|D-4T|D4T|NSC-163661|SANILVUDINE|STAVUDINE|ZERIT XR|Zerit|d4T,Small molecule,4,224.22,250,1431,-0.71,84.32,5,2,0,2,N,0.65,9.95,None,-0.23,-0.23,1,MOL,0,16,6,2,0,224.0797,NEUTRAL,C10H12N2O4,Cc1cn([C@H]2C=C[C@@H](CO)O2)c(=O)[nH]c1=O
CHEMBL222813,ZANAMIVIR,GG-167|GG167|GR 121167X|GR-121167|GR-121167X|Relenza|ZANAMIVIR,Small molecule,4,332.31,45,866,-3.58,198.22,7,8,1,6,N,0.18,3.49,11.64,-5.77,-5.77,0,MOL,0,23,11,9,2,332.1332,ZWITTERION,C12H20N4O7,CC(=O)N[C@@H]1[C@@H](NC(=N)N)C=C(C(=O)O)O[C@H]1[C@H](O)[C@H](O)CO
CHEMBL204656,ELVITEGRAVIR,ELVITEGRAVIR|GS-9137|JTK-303|VITEKTA,Small molecule,4,447.89,16,309,4.28,88.76,5,2,0,7,N,0.56,5.97,None,4.67,3.22,3,MOL,0,31,6,2,0,447.1249,ACID,C23H23ClFNO5,COc1cc2c(cc1Cc1cccc(Cl)c1F)c(=O)c(C(=O)O)cn2[C@H](CO)C(C)C
CHEMBL218394,BOCEPREVIR,BOCEPREVIR|EBP 520|EBP-520|SCH 503034|SCH-503034|VICTRELIS,Small molecule,4,519.69,51,394,1.71,150.7,5,4,1,8,N,0.36,12.44,None,1.78,1.78,0,MOL,0,37,10,5,1,519.3421,NEUTRAL,C27H45N5O5,CC(C)(C)NC(=O)N[C@H](C(=O)N1C[C@H]2[C@@H]([C@H]1C(=O)NC(CC1CCC1)C(=O)C(N)=O)C2(C)C)C(C)(C)C
CHEMBL139367,PERAMIVIR,PERAMIVIR|PERAMIVIR HYDRATE|PERAMIVIR TRIHYDRATE|RWJ-270201,Small molecule,4,328.41,23,293,-0.14,148.53,4,6,1,7,N,0.28,4.09,12.46,-2.12,-2.12,0,MOL,0,23,8,7,1,328.2111,ZWITTERION,C15H28N4O4,CCC(CC)[C@H](NC(C)=O)[C@@H]1[C@H](O)[C@@H](C(=O)O)C[C@H]1NC(=N)N
CHEMBL3989506,TROMANTADINE,TROMANTADINE,Small molecule,0,280.41,,,1.65,41.57,3,1,0,6,N,0.75,None,8.57,1.13,-0.07,0,MOL,0,20,4,1,0,280.2151,BASE,C16H28N2O2,CN(C)CCOCC(=O)NC12CC3CC(CC(C3)C1)C2
CHEMBL1229211,DOLUTEGRAVIR,DOLUTEGRAVIR|GSK 1349572|GSK-1349572|GSK1349572|S-349572|TIVICAY,Small molecule,4,419.38,43,214,1.35,100.87,6,2,0,3,N,0.78,10.1,None,1.1,1.1,2,MOL,0,30,8,2,0,419.1293,NEUTRAL,C20H19F2N3O5,C[C@@H]1CCO[C@H]2Cn3cc(C(=O)NCc4ccc(F)cc4F)c(=O)c(O)c3C(=O)N21
CHEMBL223228,EFAVIRENZ,EFAVIRENZ|Efavirenz|SUSTIVA 600|Sustiva,Small molecule,4,315.68,84,2525,4.07,38.33,2,1,0,0,N,0.73,12.52,None,4.46,4.46,1,MOL,0,21,3,1,0,315.0274,NEUTRAL,C14H9ClF3NO2,O=C1Nc2ccc(Cl)cc2[C@@](C#CC2CC2)(C(F)(F)F)O1
CHEMBL1229,OSELTAMIVIR,GS 4104|GS-4071 ETHYL ESTER|GS-4104|GS4104|OSELTAMIVIR|Oseltamivir Carboxylate|RO 640796|RO-64-0796|RO-640796|RO64-0796,Small molecule,4,312.41,70,1148,1.29,90.65,5,2,0,7,N,0.69,None,9.31,1.16,-0.72,0,MOL,0,22,6,3,0,312.2049,BASE,C16H28N2O4,CCOC(=O)C1=C[C@@H](OC(CC)CC)[C@H](NC(C)=O)[C@@H](N)C1
CHEMBL47298,TILORONE,Amixin IC|TILORONE,Small molecule,0,410.56,32,82,4.34,42.01,5,0,0,12,N,0.44,None,8.89,4.26,1.84,2,MOL,0,30,5,0,0,410.2569,BASE,C25H34N2O3,CCN(CC)CCOc1ccc2c(c1)C(=O)c1cc(OCCN(CC)CC)ccc1-2
CHEMBL1512080,METHISAZONE,BW 33-T-57|METHISAZONE|METISAZONE,Small molecule,0,234.28,,,0.2,70.72,3,2,0,1,N,0.54,11.49,None,0.8,0.8,1,MOL,0,16,5,3,0,234.0575,NEUTRAL,C10H10N4OS,CN1C(=O)/C(=N\NC(N)=S)c2ccccc21
CHEMBL1201187,MARAVIROC,CELSENTRI|MARAVIROC|Maraviroc|Rel-Maraviroc|SELZENTRY|UK-427857,Small molecule,4,513.68,38,191,5.95,63.05,5,1,2,8,N,0.47,13.98,9.35,3.63,1.68,2,MOL,0,37,6,1,2,513.3279,BASE,C29H41F2N5O,Cc1nnc(C(C)C)n1[C@H]1C[C@@H]2CC[C@H](C1)N2CC[C@H](NC(=O)C1CCC(F)(F)CC1)c1ccccc1
CHEMBL1241348,FALDAPREVIR,BI 201335|BI-201335|BI201335|FALDAPREVIR,Small molecule,3,869.84,84,153,6.3,198.38,11,4,3,13,N,0.14,3.38,1.11,6.51,2.99,3,MOL,0,57,15,4,3,868.2465,ACID,C40H49BrN6O9S,C=C[C@@H]1C[C@]1(NC(=O)[C@@H]1C[C@@H](Oc2cc(-c3csc(NC(=O)C(C)C)n3)nc3c(Br)c(OC)ccc23)CN1C(=O)[C@@H](NC(=O)OC1CCCC1)C(C)(C)C)C(=O)O
CHEMBL1643,RIBAVIRIN,Copegus|NSC-163039|RIBAVARIN|RIBAVIRIN|Rebetol|RibaPak|Ribasphere|Ribofluranosyl Carboxamide|SCH 18908|SCH-18908|TRIBAVIRIN|Tribavirin|VIRAZID|Viramid|Virazole,Small molecule,4,244.21,303,3306,-3.01,143.72,8,4,0,3,N,0.44,11.88,None,-2.77,-2.77,1,MOL,0,17,9,5,0,244.0808,NEUTRAL,C8H12N4O5,NC(=O)c1ncn([C@@H]2O[C@H](CO)[C@@H](O)[C@H]2O)n1
CHEMBL308954,ETRAVIRINE,ETRAVIRINE|INTELENCE|R-165335|R165335|TMC 125|TMC-125|TMC125,Small molecule,4,435.29,36,1023,4.72,120.64,7,2,0,4,N,0.61,10.99,3.49,5.54,5.54,3,MOL,0,28,7,3,0,434.0491,NEUTRAL,C20H15BrN6O,Cc1cc(C#N)cc(C)c1Oc1nc(Nc2ccc(C#N)cc2)nc(N)c1Br
CHEMBL114,SAQUINAVIR,Fortovase|Invirase|RO 31-8959/000|Ro-31-8959|SAQUINAVIR|SCH-52852,Small molecule,4,670.86,194,1406,3.09,166.75,7,5,1,12,N,0.2,13.61,8.47,3.16,2.05,3,MOL,0,49,11,6,3,670.3843,NEUTRAL,C38H50N6O5,CC(C)(C)NC(=O)[C@@H]1C[C@@H]2CCCC[C@@H]2CN1C[C@@H](O)[C@H](Cc1ccccc1)NC(=O)[C@H](CC(N)=O)NC(=O)c1ccc2ccccc2n1
CHEMBL1163,ATAZANAVIR,ATAZANAVIR|Atazanavir|BMS-232632|CGP-73547|REYATAZ,Small molecule,4,704.87,44,770,4.21,171.22,9,5,1,14,N,0.15,11.92,4.42,4.54,4.54,3,MOL,0,51,13,5,2,704.3897,NEUTRAL,C38H52N6O7,COC(=O)N[C@H](C(=O)N[C@@H](Cc1ccccc1)[C@@H](O)CN(Cc1ccc(-c2ccccn2)cc1)NC(=O)[C@@H](NC(=O)OC)C(C)(C)C)C(C)(C)C
CHEMBL666,FOSCARNET,Dihydroxyphosphinecarboxylic Acid Oxide|FOSCARNET|Foscarnet|J05AD01,Small molecule,4,126,147,805,-0.16,94.83,2,3,0,1,N,0.42,-0.1,None,-0.83,-7.58,0,MOL,0,7,5,3,0,125.9718,ACID,CH3O5P,O=C(O)P(=O)(O)O
CHEMBL3039514,ELBASVIR,ELBASVIR|MK-8742,Small molecule,4,882.03,9,66,8.12,188.8,10,4,2,11,N,0.1,12.42,5.39,7.07,7.07,6,MOL,0,65,16,4,3,881.4224,NEUTRAL,C49H55N9O7,COC(=O)N[C@H](C(=O)N1CCC[C@H]1c1nc(-c2ccc3c(c2)O[C@@H](c2ccccc2)n2c-3cc3cc(-c4c[nH]c([C@@H]5CCCN5C(=O)[C@@H](NC(=O)OC)C(C)C)n4)ccc32)c[nH]1)C(C)C
CHEMBL1380,ABACAVIR,ABACAVIR|Abacavir|Epzicom|ZIAGEN|Ziagen,Small molecule,4,286.34,39,253,1.09,101.88,7,3,0,4,N,0.73,None,5.8,0.39,0.38,2,MOL,0,21,7,4,0,286.1542,NEUTRAL,C14H18N6O,Nc1nc(NC2CC2)c2ncn([C@H]3C=C[C@@H](CO)C3)c2n1
CHEMBL2105735,ASUNAPREVIR,ASUNAPREVIR|BMS 650032|BMS-650032,Small molecule,3,748.3,11,69,3.85,182.33,10,3,1,11,N,0.29,3.77,2.8,3.37,2.51,2,MOL,0,51,14,3,2,747.2705,ACID,C35H46ClN5O9S,C=C[C@@H]1C[C@]1(NC(=O)[C@@H]1C[C@@H](Oc2ncc(OC)c3ccc(Cl)cc23)CN1C(=O)[C@@H](NC(=O)OC(C)(C)C)C(C)(C)C)C(=O)NS(=O)(=O)C1CC1
CHEMBL184,ACYCLOVIR,ACICLOVIR|ACYCLOVIR|AVACLYR|AVERT|AVIRAL|Aciclovir|Acycloguanosine|CLEARSORE|CYMEX ULTRA|Cyclovir|DUVIMEX|HERPETAD|LIPSORE|LYPSYL|NSC-645011|RANOVIR|SITAVIG|SOOTHELIP|SORAWAY|VIRALIEF|VIRASORB|VIROVIR 200|VIROVIR 400|VIROVIR 800|Zovirax,Small molecule,4,225.21,261,3182,-0.92,119.31,8,3,0,4,N,0.58,11.58,1.01,-0.56,-0.56,2,MOL,0,16,8,4,0,225.0862,NEUTRAL,C8H11N5O3,Nc1nc(O)c2ncn(COCCO)c2n1
CHEMBL885,EMTRICITABINE,(-)-FTC|524-W-91|524W91|BW-524W91|EMTRICITABINE|Emtriva|FTC|FTC-(-),Small molecule,4,247.25,31,216,-0.46,90.37,7,2,0,2,N,0.73,None,None,-0.9,-0.9,1,MOL,0,16,6,3,0,247.0427,NEUTRAL,C8H10FN3O3S,Nc1nc(=O)n([C@@H]2CS[C@H](CO)O2)cc1F
CHEMBL1259059,SOFOSBUVIR,"GS-7977|GS7977|PSI-7977|PSI-7977, GS-7977|SOFOSBUVIR|SOVALDI",Small molecule,4,529.46,32,208,1.66,158.18,10,3,1,10,N,0.31,9.7,None,1.28,1.28,2,MOL,0,36,12,3,2,529.1625,NEUTRAL,C22H29FN3O9P,CC(C)OC(=O)[C@H](C)N[P@](=O)(OC[C@H]1O[C@@H](n2ccc(=O)[nH]c2=O)[C@](C)(F)[C@@H]1O)Oc1ccccc1
CHEMBL501849,SIMEPREVIR,OLYSIO|SIMEPREVIR|TMC 435|TMC 435350|TMC-435|TMC-435350|TMC435350,Small molecule,4,749.96,26,266,5.25,156.89,10,2,2,8,N,0.29,3.77,1.6,4.56,3.61,3,MOL,0,52,12,2,3,749.2917,ACID,C38H47N5O7S2,COc1ccc2c(O[C@@H]3C[C@H]4C(=O)N[C@]5(C(=O)NS(=O)(=O)C6CC6)C[C@H]5/C=C\CCCCN(C)C(=O)[C@@H]4C3)cc(-c3nc(C(C)C)cs3)nc2c1C
CHEMBL1460,DIDANOSINE,BMY-40900|DDI|DIDANOSINE|DIDANOSINE SYSTEM SUITABILITY MIXTURE|DIDEOXYINOSINE (DDI)|NSC-612049|VIDEX EC|Videx,Small molecule,4,236.23,164,773,-0.21,93.03,6,2,0,2,N,0.75,8.93,0.6,-0.87,-0.88,2,MOL,0,17,7,2,0,236.0909,NEUTRAL,C10H12N4O3,O=c1[nH]cnc2c1ncn2[C@H]1CC[C@@H](CO)O1