﻿ChEMBL ID,Name,Synonyms,Type,Max Phase,Molecular Weight,Targets,Bioactivities,AlogP,Polar Surface Area,HBA,HBD,#RO5 Violations,#Rotatable Bonds,Passes Ro3,QED Weighted,CX Acidic pKa,CX Basic pKa,CX LogP,CX LogD,Aromatic Rings,Structure Type,Inorganic Flag,Heavy Atoms,HBA (Lipinski),HBD (Lipinski),#RO5 Violations (Lipinski),Molecular Weight (Monoisotopic),Molecular Species,Molecular Formula,Smiles
CHEMBL564085,TROLEANDOMYCIN,ACETYLOLEANDOMYCIN|NSC-108166|TRIACETYLOLEANDOMYCIN|TROLEANDOMYCIN,Small molecule,4,813.98,19,59,3.62,184.19,16,0,2,9,N,0.19,None,7.87,4.3,3.7,0,MOL,0,57,16,0,2,813.4511,NEUTRAL,C41H67NO15,CO[C@H]1C[C@H](O[C@@H]2[C@@H](C)C(=O)O[C@H](C)[C@H](C)[C@H](OC(C)=O)[C@@H](C)C(=O)[C@]3(CO3)C[C@H](C)[C@H](O[C@@H]3O[C@H](C)C[C@H](N(C)C)[C@H]3OC(C)=O)[C@H]2C)O[C@@H](C)[C@@H]1OC(C)=O
CHEMBL2105399,SULFAMOXOLE,SULFAMOXOLE|SULPHAMOXOLE,Small molecule,0,267.31,4,22,1.67,98.22,5,2,0,3,N,0.82,6.81,1.94,0.59,0.06,2,MOL,0,18,6,3,0,267.0678,NEUTRAL,C11H13N3O3S,Cc1nc(NS(=O)(=O)c2ccc(N)cc2)oc1C
CHEMBL1256734,SULBENICILLIN,SULBENICILLIN|SULBENICILLIN SODIUM|SULFOBENZYLPENICILLIN,Small molecule,0,414.46,6,47,0.25,141.08,6,3,0,5,N,0.46,-1.09,None,0.38,-5.45,1,MOL,0,27,9,3,0,414.0555,ACID,C16H18N2O7S2,CC1(C)S[C@@H]2[C@H](NC(=O)C(c3ccccc3)S(=O)(=O)O)C(=O)N2[C@H]1C(=O)O
CHEMBL2106071,CLOMOCYCLINE,CHLORMETHYLENCYCLINE|CLOMOCYCLINE,Small molecule,0,508.91,,,0.02,187.86,10,7,2,3,N,0.22,2.61,8.55,-3.24,-3.68,1,MOL,0,35,11,7,3,508.1249,ZWITTERION,C23H25ClN2O9,CN(C)[C@@H]1C(O)=C(C(=O)NCO)C(=O)[C@@]2(O)C(O)=C3C(=O)c4c(O)ccc(Cl)c4[C@@](C)(O)[C@H]3C[C@@H]12
CHEMBL2106548,CLOMETOCILLIN,CLOMETOCILLIN,Small molecule,0,433.31,,,2.31,95.94,5,2,0,5,N,0.69,3.26,None,2.22,-1.22,1,MOL,0,27,7,2,0,432.0313,ACID,C17H18Cl2N2O5S,COC(C(=O)N[C@@H]1C(=O)N2[C@@H](C(=O)O)C(C)(C)S[C@H]12)c1ccc(Cl)c(Cl)c1
CHEMBL529,AZITHROMYCIN,"AZITHROMYCIN|AZITHROMYCIN DIHYDRATE|AZITHROMYCIN HYDRATE|AZYTER|Azasite|CLAMELLE|CP 62993|CP-62,993|CP-62993|Sumamed|Sunamed|XZ 405|XZ 450|XZ-450|ZMax|Zithromax",Small molecule,4,749,247,3384,1.9,180.08,14,5,2,7,N,0.24,12.43,9.57,2.44,-1.23,0,MOL,0,52,14,5,2,748.5085,BASE,C38H72N2O12,CC[C@H]1OC(=O)[C@H](C)[C@@H](O[C@H]2C[C@@](C)(OC)[C@@H](O)[C@H](C)O2)[C@H](C)[C@@H](O[C@@H]2O[C@H](C)C[C@H](N(C)C)[C@H]2O)[C@](C)(O)C[C@@H](C)CN(C)[C@H](C)[C@@H](O)[C@]1(C)O
CHEMBL1200359,SULFAMETER,AHR-857|Bayrena|SULFAMETER|SULFAMETIN|SULFAMETOXYDIAZINE|SULPHAMETHOXYDIAZINE|Sulfametin|Sulfametoxydiazine|Sulla|Sulphamethoxydiazine|Ultrax,Small molecule,4,280.31,18,48,0.87,107.2,6,2,0,4,N,0.8,7.06,1.98,0.23,-0.18,2,MOL,0,19,7,3,0,280.063,NEUTRAL,C11H12N4O3S,COc1cnc(NS(=O)(=O)c2ccc(N)cc2)nc1
CHEMBL2110602,CEPHACETRILE,CEFACETRILE,Small molecule,0,339.33,10,28,-0.8,136.8,7,2,0,5,N,0.49,3.11,None,-1.78,-5.25,0,MOL,0,23,9,2,0,339.0525,ACID,C13H13N3O6S,CC(=O)OCC1=C(C(=O)O)N2C(=O)[C@@H](NC(=O)CC#N)[C@H]2SC1
CHEMBL2105953,CEFTERAM,CEFTERAM|CEFTERAM PIVOXIL,Small molecule,0,479.5,,,-1.19,190.81,13,3,1,7,N,0.25,2.72,3.42,-1.41,-4.09,2,MOL,0,32,14,4,1,479.0794,ACID,C16H17N9O5S2,CO/N=C(\C(=O)N[C@@H]1C(=O)N2C(C(=O)O)=C(Cn3nnc(C)n3)CS[C@H]12)c1csc(N)n1
CHEMBL583,GREPAFLOXACIN,GREPAFLOXACIN|Grepafloxacin|Raxar,Small molecule,4,359.4,139,383,2.28,74.57,5,2,0,3,N,0.88,5.68,8.77,0.08,0.08,2,MOL,0,26,6,2,0,359.1645,ZWITTERION,C19H22FN3O3,Cc1c(F)c(N2CCNC(C)C2)cc2c1c(=O)c(C(=O)O)cn2C1CC1
CHEMBL1614658,CARUMONAM,CARUMONAM,Small molecule,0,466.41,7,96,-2.88,253.9,12,5,1,9,N,0.11,-2.09,3.9,-4.94,-8.09,1,MOL,0,30,16,7,2,466.0213,ACID,C12H14N6O10S2,NC(=O)OC[C@@H]1[C@H](NC(=O)/C(=N\OCC(=O)O)c2csc(N)n2)C(=O)N1S(=O)(=O)O
CHEMBL3989751,NEOMYCIN,NEOMYCIN,Small molecule,4,,,,,,,,,,,,,,,,,NONE,0,,,,,,,,
CHEMBL21,SULFANILAMIDE,SULFANILAMIDE|Sulfanilamide,Small molecule,4,172.21,183,1278,-0.08,86.18,3,2,0,1,N,0.58,10.99,2.27,-0.25,-0.25,1,MOL,0,11,4,4,0,172.0306,NEUTRAL,C6H8N2O2S,Nc1ccc(S(N)(=O)=O)cc1
CHEMBL1201204,CEFPIRAMIDE,"CEFPIRAMIDE|WY-44,635|WY-44635",Small molecule,4,612.65,16,58,0.33,212.76,13,5,2,9,N,0.16,3.19,3.85,0.15,-2.91,3,MOL,0,42,15,5,2,612.1209,ACID,C25H24N8O7S2,Cc1cc(O)c(C(=O)N[C@@H](C(=O)N[C@@H]2C(=O)N3C(C(=O)O)=C(CSc4nnnn4C)CS[C@H]23)c2ccc(O)cc2)cn1
CHEMBL404,TAZOBACTAM,"CL 298,741|CL-298741|TAZOBACTAM|Tazobactam|YTR-830H",Small molecule,4,300.3,164,876,-1.52,122.46,7,1,0,3,N,0.67,2.86,0.75,-1.4,-4.89,1,MOL,0,20,9,1,0,300.0528,ACID,C10H12N4O5S,C[C@]1(Cn2ccnn2)[C@H](C(=O)O)N2C(=O)C[C@H]2S1(=O)=O
CHEMBL1237046,ROLITETRACYCLINE,"ROLITETRACYCLINE|SO 15,659|Syntetrin",Small molecule,0,527.57,14,47,0.47,170.87,10,6,2,4,N,0.3,2.91,8.18,-2.81,-2.93,1,MOL,0,38,11,6,3,527.2268,ACID,C27H33N3O8,CN(C)[C@@H]1C(O)=C(C(=O)NCN2CCCC2)C(=O)[C@@]2(O)C(O)=C3C(=O)c4c(O)cccc4[C@@](C)(O)[C@H]3C[C@@H]12
CHEMBL44354,CEFTAZIDIME,CEFTAZIDIME|CEFTAZIDIME HYDRATE|CEFTAZIDIME PENTAHYDRATE|CEPTAZ|Ceftazidime (arginine formulation)|Ceptaz|Fortam|Fortaz|Fortum|GR 20263|GR-20263|J01DD07|Kefazim|LY 139381|LY-139381|PENTACEF|Pentacef|Tazicef|Tazidime,Small molecule,4,546.59,207,5080,-1.3,191.22,11,3,2,9,N,0.15,2.51,3.94,-4.16,-6.94,2,MOL,0,37,13,4,2,546.0991,ACID,C22H22N6O7S2,CC(C)(O/N=C(\C(=O)N[C@@H]1C(=O)N2C(C(=O)[O-])=C(C[n+]3ccccc3)CS[C@H]12)c1csc(N)n1)C(=O)O
CHEMBL1435,CEFAZOLIN,CEFAZOLIN|CEPHAZOLIN|Cefazolin|J01DB04|SK&F-41558,Small molecule,4,454.52,81,630,-0.64,156.09,12,2,1,7,N,0.41,2.84,0.26,-1.52,-5.01,2,MOL,0,29,12,2,1,454.03,ACID,C14H14N8O4S3,Cc1nnc(SCC2=C(C(=O)O)N3C(=O)[C@@H](NC(=O)Cn4cnnn4)[C@H]3SC2)s1
CHEMBL1232510,SOLITHROMYCIN,CEM 101|CEM-101|OP 1068|OP-1068|SOLITHROMYCIN,Small molecule,3,845.02,8,20,4.6,197.87,15,2,2,11,N,0.14,12.83,7.68,5.76,5.3,2,MOL,0,60,16,3,2,844.4746,NEUTRAL,C43H65FN6O10,CC[C@H]1OC(=O)[C@@](C)(F)C(=O)[C@H](C)[C@@H](O[C@@H]2O[C@H](C)C[C@H](N(C)C)[C@H]2O)[C@](C)(OC)C[C@@H](C)C(=O)[C@H](C)[C@H]2N(CCCCn3cc(-c4cccc(N)c4)nn3)C(=O)O[C@]12C
CHEMBL1672,CEFPODOXIME,CEFPODOXIME|Cefpodoxime|ORELOX|ORELOX PAED,Small molecule,4,427.46,16,166,-0.54,156.44,10,3,0,7,N,0.3,2.75,3.61,-1.27,-3.99,1,MOL,0,28,11,4,1,427.062,ACID,C15H17N5O6S2,COCC1=C(C(=O)O)N2C(=O)[C@@H](NC(=O)/C(=N\OC)c3csc(N)n3)[C@H]2SC1
CHEMBL530,AMDINOCILLIN,AMDINOCILLIN|Coactin|FL 1060|FL-1060|MECILLINAM|RO 10-9070|RO-10-9070|SELEXIDIN,Small molecule,4,325.43,19,49,1.41,73.21,4,1,0,3,N,0.48,3.3,7.92,-0.55,-0.66,0,MOL,0,22,6,1,0,325.146,ACID,C15H23N3O3S,CC1(C)S[C@@H]2[C@H](/N=C/N3CCCCCC3)C(=O)N2[C@H]1C(=O)O
CHEMBL556262,FAROPENEM,FAROPENEM,Small molecule,3,285.32,25,171,0.37,87.07,5,2,0,3,N,0.73,3.97,None,-0.75,-3.93,0,MOL,0,19,6,2,0,285.0671,ACID,C12H15NO5S,C[C@@H](O)[C@H]1C(=O)N2C(C(=O)O)=C([C@H]3CCCO3)S[C@H]12
CHEMBL9,NORFLOXACIN,Baccidal|CHIBROXIN|MK-366|NORFLOXACIN|Noroxin|Quinabic|UTINOR,Small molecule,4,319.34,320,4307,1.27,74.57,5,2,0,3,N,0.89,5.58,8.68,-0.96,-0.96,2,MOL,0,23,6,2,0,319.1332,ZWITTERION,C16H18FN3O3,CCn1cc(C(=O)O)c(=O)c2cc(F)c(N3CCNCC3)cc21
CHEMBL1359,ERTAPENEM,ERTAPENEM|Ertapenem|Invanz,Small molecule,4,475.52,128,1751,0.94,156.27,7,5,0,7,N,0.36,3.22,9.03,-3.23,-6.07,1,MOL,0,33,10,5,0,475.1413,ZWITTERION,C22H25N3O7S,C[C@@H](O)[C@H]1C(=O)N2C(C(=O)O)=C(S[C@@H]3CN[C@H](C(=O)Nc4cccc(C(=O)O)c4)C3)[C@H](C)[C@H]12
CHEMBL996,CEFOXITIN,CEFOXITIN|Cefoxitin|Cenomycin|J01DC01|Mefoxin|Mefoxitin,Small molecule,4,427.46,155,1925,0.1,148.26,8,3,0,7,N,0.41,3.39,None,0.29,-3.12,1,MOL,0,28,10,4,0,427.0508,ACID,C16H17N3O7S2,CO[C@@]1(NC(=O)Cc2cccs2)C(=O)N2C(C(=O)O)=C(COC(N)=O)CS[C@@H]21
CHEMBL3989974,CEFIDEROCOL,CEFIDEROCOL|GSK2696266|S-649266,Small molecule,4,752.23,6,20,-0.18,256.9,14,6,3,13,N,0.05,2.69,3.98,-2.93,-5.66,2,MOL,0,50,17,7,3,751.1497,ACID,C30H34ClN7O10S2,CC(C)(O/N=C(\C(=O)N[C@@H]1C(=O)N2C(C(=O)[O-])=C(C[N+]3(CCNC(=O)c4ccc(O)c(O)c4Cl)CCCC3)CS[C@H]12)c1csc(N)n1)C(=O)O
CHEMBL15413,FLOMOXEF,FLOMOXEF|FLOMOXEF SODIUM,Small molecule,3,496.47,16,82,-1.29,169,12,3,1,11,N,0.19,3.08,None,-0.11,-3.57,1,MOL,0,32,13,3,1,496.0646,ACID,C15H18F2N6O7S2,CO[C@@]1(NC(=O)CSC(F)F)C(=O)N2C(C(=O)O)=C(CSc3nnnn3CCO)CO[C@@H]21
CHEMBL422648,PRULIFLOXACIN,NM-441|NM441|PRULIFLOXACIN,Small molecule,3,461.47,12,40,2.64,109.13,9,1,0,4,N,0.63,5.82,4.88,2.55,1.24,3,MOL,0,32,9,1,0,461.1057,ACID,C21H20FN3O6S,Cc1oc(=O)oc1CN1CCN(c2cc3c(cc2F)c(=O)c(C(=O)O)c2n3C(C)S2)CC1
CHEMBL582912,CEFCAPENE,CEFCAPENE,Small molecule,0,453.5,3,5,0.35,177.94,9,4,0,7,N,0.33,2.94,4.1,-1.06,-3.35,1,MOL,0,30,11,6,2,453.0777,ACID,C17H19N5O6S2,CC/C=C(\C(=O)N[C@@H]1C(=O)N2C(C(=O)O)=C(COC(N)=O)CS[C@H]12)c1csc(N)n1
CHEMBL8,CIPROFLOXACIN,BAY O 9867 FREE BASE|BAY Q 3939|BAY-O-9867 FREE BASE|BAY-Q-3939|BAYQ3939|CETRAXAL|CIPROFLOXACIN|Ciloxan|Cipro|Ciprobay|OTIPRIO|Velmonit,Small molecule,4,331.35,483,17368,1.58,74.57,5,2,0,3,N,0.89,5.56,8.68,-0.85,-0.85,2,MOL,0,24,6,2,0,331.1332,ZWITTERION,C17H18FN3O3,O=C(O)c1cn(C2CC2)c2cc(N3CCNCC3)c(F)cc2c1=O
CHEMBL1908336,MIDECAMYCIN,MIDECAMYCIN|MIDECAMYCIN ACETATE,Small molecule,0,813.98,7,24,2.62,206.05,16,3,2,12,N,0.15,12.71,7.9,2.84,2.23,0,MOL,0,57,16,3,2,813.4511,NEUTRAL,C41H67NO15,CCOC(=O)[C@@H]1CC(=O)O[C@H](C)C/C=C/C=C/[C@H](O)[C@H](C)C[C@H](CC=O)[C@H](O[C@@H]2O[C@H](C)[C@@H](O[C@H]3C[C@@](C)(O)[C@@H](OC(=O)CC)[C@H](C)O3)[C@H](N(C)C)[C@H]2O)[C@H]1OC
CHEMBL1214,CARBENICILLIN,CARBENICILLIN|Carbenicillin|Geocillin|Geopen|Pyopen,Small molecule,4,378.41,45,349,0.49,124.01,5,3,0,5,N,0.5,3.11,None,0.82,-5.91,1,MOL,0,26,8,3,0,378.0886,ACID,C17H18N2O6S,CC1(C)S[C@@H]2[C@H](NC(=O)C(C(=O)O)c3ccccc3)C(=O)N2[C@H]1C(=O)O
CHEMBL1525826,SULFALENE,AS-18908|KELFIZINE W|Kelfizina|LONGUM|NSC-110433|SULFALENE|SULFAMETHOPYRAZINE|SULFAMETOPYRAZINE,Small molecule,4,280.31,15,27,0.87,107.2,6,2,0,4,N,0.8,5.91,1.98,0.23,-0.62,2,MOL,0,19,7,3,0,280.063,ACID,C11H12N4O3S,COc1nccnc1NS(=O)(=O)c1ccc(N)cc1
CHEMBL1095284,CEFATRIZINE,BL-S640|CEFATRIZINE,Small molecule,0,462.51,8,22,0.04,174.53,9,5,0,7,N,0.28,2.92,7.22,-2.19,-2.56,2,MOL,0,31,11,6,2,462.078,ACID,C18H18N6O5S2,N[C@@H](C(=O)N[C@@H]1C(=O)N2C(C(=O)O)=C(CSc3c[nH]nn3)CS[C@H]12)c1ccc(O)cc1
CHEMBL268869,SULFAMETHOXYPYRIDAZINE,LEDERKYN|Midicel|SUCCINYLSULFATHI|SULFAMETHOXYPYRIDAZINE|SULFASUXIDINE|SULPHAMETHOXYPYRIDAZINE,Small molecule,4,280.31,23,62,0.87,107.2,6,2,0,4,N,0.8,6.84,2.02,0.47,-0.05,2,MOL,0,19,7,3,0,280.063,NEUTRAL,C11H12N4O3S,COc1ccc(NS(=O)(=O)c2ccc(N)cc2)nn1
CHEMBL1454910,NITROXOLINE,A-82|NITROHYDROXYQUINOLINE|NITROXOLINE,Small molecule,0,190.16,69,176,1.85,76.26,4,1,0,1,N,0.55,6.89,1.92,1.77,1.15,2,MOL,0,14,5,1,0,190.0378,NEUTRAL,C9H6N2O3,O=[N+]([O-])c1ccc(O)c2ncccc12
CHEMBL31,GATIFLOXACIN,AM-1155|BMS-206584-01|BMS-20658401|GATIFLOXACIN|GATIFLOXACIN HYDRATE|GATIFLOXACIN SESQUIHYDRATE|PD-135432|Tequin|ZYMAXID|Zymar,Small molecule,4,375.4,295,2464,1.98,83.8,6,2,0,4,N,0.85,5.49,8.73,-0.61,-0.61,2,MOL,0,27,7,2,0,375.1594,ZWITTERION,C19H22FN3O4,COc1c(N2CCNC(C)C2)c(F)cc2c(=O)c(C(=O)O)cn(C3CC3)c12
CHEMBL501122,CEFTAROLINE FOSAMIL,CEFTAROLINE FOSAMIL|PPI-0903|TAK 599|TAK-599,Small molecule,4,684.7,106,957,-0.12,223.24,14,4,2,11,N,0.07,1.76,0.35,-3.71,-6.83,3,MOL,0,43,16,4,2,684.0103,ACID,C22H21N8O8PS4,CCO/N=C(\C(=O)N[C@@H]1C(=O)N2C(C(=O)[O-])=C(Sc3nc(-c4cc[n+](C)cc4)cs3)CS[C@H]12)c1nsc(NP(=O)(O)O)n1
CHEMBL1572,NETILMICIN,NETILMICIN|Netilmicin,Small molecule,4,475.59,152,1362,-3.2,199.73,12,8,2,8,N,0.18,12.55,9.8,-3.53,-10.64,0,MOL,0,33,12,11,2,475.3006,BASE,C21H41N5O7,CCN[C@@H]1C[C@H](N)[C@@H](O[C@H]2OC(CN)=CC[C@H]2N)[C@H](O)[C@H]1O[C@H]1OC[C@](C)(O)[C@H](NC)[C@H]1O
CHEMBL291157,ROSOXACIN,"ACROSOXACIN|Acrosoxacin|ERADACIN|ROSOXACIN|Roxadyl|WIN 35,213",Small molecule,4,294.31,12,29,2.78,72.19,4,1,0,3,N,0.81,6,4.89,1.89,0.71,3,MOL,0,22,5,1,0,294.1004,ACID,C17H14N2O3,CCn1cc(C(=O)O)c(=O)c2ccc(-c3ccncc3)cc21
CHEMBL416755,OXOLINIC ACID,OXOLINIC ACID|Utibid|W 4565,Small molecule,0,261.23,69,218,1.45,77.76,5,1,0,2,N,0.88,5.39,None,1.35,-0.65,2,MOL,0,19,6,1,0,261.0637,ACID,C13H11NO5,CCn1cc(C(=O)O)c(=O)c2cc3c(cc21)OCO3
CHEMBL3833338,STREPTODUOCIN,Combistrep|DIHYDROSTREPTOMYCIN-STREPTOMYCIN|Distrycin|STREPTODUOCIN,Small molecule,0,1361.33,,,None,None,None,None,None,None,None,None,None,None,None,None,None,MOL,0,None,None,None,None,1164.547,None,C42H84N14O32S2,CN[C@@H]1[C@H](O[C@H]2[C@H](O[C@@H]3[C@@H](NC(=N)N)[C@H](O)[C@@H](NC(=N)N)[C@H](O)[C@H]3O)O[C@@H](C)[C@]2(O)C=O)O[C@@H](CO)[C@H](O)[C@H]1O.CN[C@@H]1[C@H](O[C@H]2[C@H](O[C@@H]3[C@@H](NC(=N)N)[C@H](O)[C@@H](NC(=N)N)[C@H](O)[C@H]3O)O[C@@H](C)[C@]2(O)CO)O[C@@H](CO)[C@H](O)[C@H]1O.O=S(=O)(O)O.O=S(=O)(O)O
CHEMBL267648,PEFLOXACIN,1589 RB|EU-5306|PEFLOXACIN,Small molecule,4,333.36,141,535,1.61,65.78,5,1,0,3,N,0.92,5.5,6.44,0.75,-0.02,2,MOL,0,24,6,1,0,333.1489,ACID,C17H20FN3O3,CCn1cc(C(=O)O)c(=O)c2cc(F)c(N3CCN(C)CC3)cc21
CHEMBL1237072,DIRITHROMYCIN,DIRITHROMYCIN|Dynabac|LY 237216|LY-237216,Small molecule,4,835.09,17,26,2.2,196.33,16,5,2,12,N,0.14,12.48,13.48,2.95,0.46,0,MOL,0,58,16,5,2,834.5453,BASE,C42H78N2O14,CC[C@H]1OC(=O)[C@H](C)[C@@H](O[C@H]2C[C@@](C)(OC)[C@@H](O)[C@H](C)O2)[C@H](C)[C@@H](O[C@@H]2O[C@H](C)C[C@H](N(C)C)[C@H]2O)[C@](C)(O)C[C@@H](C)[C@@H]2N[C@@H](COCCOC)O[C@H]([C@H]2C)[C@]1(C)O
CHEMBL2146161,MIKAMYCIN,MIKAMYCIN|PRISTINAMYCIN|PYOSTACINE|RP 7293|RP-7293|SKF-7988,Small molecule,4,1392.57,,,None,None,None,None,None,None,None,None,None,None,None,None,None,MOL,0,None,None,None,None,1391.6438,None,C73H89N11O17,CC1=C\[C@@H](O)CC(=O)Cc2nc(co2)C(=O)N2CCC=C2C(=O)O[C@H](C(C)C)[C@H](C)/C=C/C(=O)NC\C=C\1.CC[C@H]1NC(=O)[C@@H](NC(=O)c2ncccc2O)[C@@H](C)OC(=O)[C@H](c2ccccc2)NC(=O)[C@@H]2CC(=O)CCN2C(=O)[C@H](Cc2ccc(N(C)C)cc2)N(C)C(=O)[C@@H]2CCCN2C1=O
CHEMBL3039597,GENTAMICIN,GENTAMICIN|SCH-9724|Uromycine,Small molecule,4,1390.73,276,6001,None,None,None,None,None,None,None,None,None,None,None,None,None,MOL,0,None,None,None,None,1389.9018,None,C60H123N15O21,CNC(C)[C@@H]1CC[C@@H](N)[C@@H](O[C@@H]2[C@@H](N)C[C@@H](N)[C@H](O[C@H]3OC[C@](C)(O)[C@H](NC)[C@H]3O)[C@H]2O)O1.CN[C@@H]1[C@@H](O)[C@@H](O[C@@H]2[C@@H](O)[C@H](O[C@H]3O[C@H](C(C)N)CC[C@H]3N)[C@@H](N)C[C@H]2N)OC[C@]1(C)O.CN[C@@H]1[C@@H](O)[C@@H](O[C@@H]2[C@@H](O)[C@H](O[C@H]3O[C@H](CN)CC[C@H]3N)[C@@H](N)C[C@H]2N)OC[C@]1(C)O
CHEMBL893,DICLOXACILLIN,BRL-1702|DICLOXACILLIN|Dicloxacillin|Dycill|Dynapen|Pathocil|R-13423,Small molecule,4,470.33,29,233,3.2,112.74,6,2,0,4,N,0.66,3.75,None,2.91,-0.38,2,MOL,0,30,8,2,0,469.0266,ACID,C19H17Cl2N3O5S,Cc1onc(-c2c(Cl)cccc2Cl)c1C(=O)N[C@@H]1C(=O)N2[C@@H](C(=O)O)C(C)(C)S[C@H]12
CHEMBL5,NALIDIXIC ACID,"MICTRAL|NALIDIXANE|NALIDIXIC ACID|NALIX|NEGRAM|NSC-82174|Neg Gram|Neggram|URIBEN|Uroneg|WIN 18,320|WIN-18320|Wintomylon",Small molecule,4,232.24,180,1438,1.42,72.19,4,1,0,2,N,0.85,4.37,6.06,0.79,-0.45,2,MOL,0,17,5,1,0,232.0848,ACID,C12H12N2O3,CCn1cc(C(=O)O)c(=O)c2ccc(C)nc21
CHEMBL2104921,SULFAMAZONE,SULFAMAZONE,Small molecule,0,560.61,,,2.08,174.51,11,3,2,9,N,0.26,-1.84,None,-0.16,-1.88,4,MOL,0,38,13,3,2,560.1148,ACID,C23H24N6O7S2,COc1ccc(NS(=O)(=O)c2ccc(NC(c3c(C)n(C)n(-c4ccccc4)c3=O)S(=O)(=O)O)cc2)nn1
CHEMBL1650818,AMDINOCILLIN PIVOXIL,AMDINOCILLIN PIVOXIL|Coactabs|PIVMECILLINAM|PIVMECILLINAM HYDROCHLORIDE|RO 10-9071|RO-10-9071|SELEXID,Small molecule,4,439.58,5,25,2.41,88.51,7,0,0,5,N,0.21,13.66,7.91,2.91,2.28,0,MOL,0,30,8,0,0,439.2141,NEUTRAL,C21H33N3O5S,CC(C)(C)C(=O)OCOC(=O)[C@@H]1N2C(=O)[C@@H](/N=C/N3CCCCCC3)[C@H]2SC1(C)C
CHEMBL1908350,ROKITAMYCIN,ROKITAMYCIN,Small molecule,0,828.01,8,44,3.16,206.05,16,3,2,13,N,0.14,12.71,7.9,3.63,3.01,0,MOL,0,58,16,3,2,827.4667,NEUTRAL,C42H69NO15,CCCC(=O)O[C@H]1[C@H](C)O[C@@H](O[C@@H]2[C@@H](C)O[C@@H](O[C@@H]3[C@@H](OC)[C@H](O)CC(=O)O[C@H](C)C/C=C/C=C/[C@H](O)[C@H](C)C[C@@H]3CC=O)[C@H](O)[C@H]2N(C)C)C[C@@]1(C)OC(=O)CC
CHEMBL376140,TIGECYCLINE,TIGECYCLINE|Tygacil|WAY-GAR-936,Small molecule,4,585.66,111,2021,0.51,205.76,11,7,3,6,N,0.18,2.84,8.61,-3.26,-3.41,1,MOL,0,42,13,8,3,585.2799,ZWITTERION,C29H39N5O8,CN(C)c1cc(NC(=O)CNC(C)(C)C)c(O)c2c1C[C@H]1C[C@H]3[C@H](N(C)C)C(O)=C(C(N)=O)C(=O)[C@@]3(O)C(O)=C1C2=O
CHEMBL1220,TINIDAZOLE,"CP-12,574|CP-12574|FASIGYN|Symplotan|TINIDAZOLE|Tindamax|Trimonase",Small molecule,4,247.28,148,683,0.53,95.1,6,0,0,5,N,0.56,None,3.28,-0.58,-0.58,1,MOL,0,16,7,0,0,247.0627,NEUTRAL,C8H13N3O4S,CCS(=O)(=O)CCn1c([N+](=O)[O-])cnc1C
CHEMBL1583,BACAMPICILLIN,BACAMPICILLIN|Bacampicillin,Small molecule,4,465.53,6,40,1.3,137.26,9,2,0,7,N,0.35,11.72,7.23,1.47,1.25,1,MOL,0,32,10,3,0,465.157,NEUTRAL,C21H27N3O7S,CCOC(=O)OC(C)OC(=O)[C@@H]1N2C(=O)[C@@H](NC(=O)[C@H](N)c3ccccc3)[C@H]2SC1(C)C
CHEMBL1591,DEMECLOCYCLINE,DEMECLOCYCLINE|DEMETHYLCHLORTETRACYCLINE|Demeclocycline,Small molecule,4,464.86,23,75,0.26,181.62,9,6,1,2,N,0.33,2.59,8.54,-3.17,-3.61,1,MOL,0,32,10,7,1,464.0986,ZWITTERION,C21H21ClN2O8,CN(C)[C@@H]1C(O)=C(C(N)=O)C(=O)[C@@]2(O)C(O)=C3C(=O)c4c(O)ccc(Cl)c4[C@@H](O)[C@H]3C[C@@H]12
CHEMBL2364632,SARECYCLINE,P-005672|P005672|SARECYCLINE,Small molecule,4,487.51,,,0.11,173.86,10,5,0,5,N,0.28,2.94,8.25,-3.04,-3.22,1,MOL,0,35,11,6,2,487.1955,ACID,C24H29N3O8,CON(C)Cc1ccc(O)c2c1C[C@H]1C[C@H]3[C@H](N(C)C)C(O)=C(C(N)=O)C(=O)[C@@]3(O)C(O)=C1C2=O
CHEMBL3182343,PIVAMPICILLIN,PIVAMPICILLIN|PONDOCILLIN,Small molecule,4,463.56,6,31,1.32,128.03,8,2,0,6,N,0.37,11.71,7.23,2.07,1.84,1,MOL,0,32,9,3,0,463.1777,NEUTRAL,C22H29N3O6S,CC(C)(C)C(=O)OCOC(=O)[C@@H]1N2C(=O)[C@@H](NC(=O)[C@H](N)c3ccccc3)[C@H]2SC1(C)C
CHEMBL1109,SULFAPHENAZOLE,ORISULF|SULFAFENAZOL|SULFAPHENAZOLE|SULPHAPHENAZOLE|Sulfabid|Sulfafenazol|Sulfaphenazole,Small molecule,4,314.37,146,829,2.26,90.01,5,2,0,4,N,0.72,6.82,2.44,1.81,1.28,3,MOL,0,22,6,3,0,314.0837,NEUTRAL,C15H14N4O2S,Nc1ccc(S(=O)(=O)Nc2ccnn2-c2ccccc2)cc1
CHEMBL1506,CHLORAMPHENICOL PALMITATE,CHLORAMPHENICOL PALMITATE|Chloramphenicol Palmitate|Chlorolifarina|Chloromycetin Palmitate|Chloropal,Small molecule,4,561.55,4,7,6.94,118.77,6,2,2,21,N,0.06,9.07,None,7.8,7.79,1,MOL,0,37,8,2,2,560.242,NEUTRAL,C27H42Cl2N2O6,CCCCCCCCCCCCCCCC(=O)OC[C@@H](NC(=O)C(Cl)Cl)[C@H](O)c1ccc([N+](=O)[O-])cc1
CHEMBL453,SULFISOXAZOLE,Entusil|Eryzole|Gantrisin|NSC-13120|NSC-683536|Neazolin|Pediazole|SOSOL|SOXAZOLE|SULFAFURAZOLE|SULFALAR|SULFISOXAZOLE|SULPHAFURAZOLE|SULSOXIN|Sulfafurazole|Sulfisoxazole|Sulphafurazole,Small molecule,4,267.31,148,844,1.67,98.22,5,2,0,3,N,0.82,5.8,2.17,0.73,-0.14,2,MOL,0,18,6,3,0,267.0678,ACID,C11H13N3O3S,Cc1noc(NS(=O)(=O)c2ccc(N)cc2)c1C
CHEMBL1908324,METAMPICILLIN,METAMPICILLIN|Metampicillin,Small molecule,0,361.42,4,6,1.06,99.07,5,2,0,5,N,0.6,3.24,4.14,-0.38,-2.75,1,MOL,0,25,7,2,0,361.1096,ACID,C17H19N3O4S,C=N[C@@H](C(=O)N[C@@H]1C(=O)N2[C@@H](C(=O)O)C(C)(C)S[C@H]12)c1ccccc1
CHEMBL74632,MOXALACTAM,LATAMOXEF|Moxalactam|Moxam,Small molecule,4,520.48,26,93,-1.13,206.3,12,4,2,9,N,0.13,2.81,None,0.17,-6.72,2,MOL,0,36,15,4,2,520.1012,ACID,C20H20N6O9S,CO[C@@]1(NC(=O)C(C(=O)O)c2ccc(O)cc2)C(=O)N2C(C(=O)O)=C(CSc3nnnn3C)CO[C@@H]21
CHEMBL474579,CEFOTETAN,"CEFOTETAN|Cefotan|ICI 156,834|ICI-156834",Small molecule,4,575.63,74,320,-1.4,219.93,14,4,2,9,N,0.07,3.03,None,-0.38,-7.1,1,MOL,0,36,15,5,2,575.0021,ACID,C17H17N7O8S4,CO[C@@]1(NC(=O)C2SC(=C(C(N)=O)C(=O)O)S2)C(=O)N2C(C(=O)O)=C(CSc3nnnn3C)CS[C@@H]21
CHEMBL249837,METHACYCLINE,GS-2876|METACYCLINE|METHACYCLINE|MOTC,Small molecule,4,442.42,8,34,-0.44,181.62,9,6,1,2,N,0.33,2.88,7.41,-3.51,-3.81,1,MOL,0,32,10,7,1,442.1376,ACID,C22H22N2O8,C=C1c2cccc(O)c2C(=O)C2=C(O)[C@]3(O)C(=O)C(C(N)=O)=C(O)[C@@H](N(C)C)[C@@H]3[C@@H](O)[C@H]12
CHEMBL30116,PIPEMIDIC ACID,PIPEMIDIC ACID|PIPEMIDIC ACID TRIHYDRATE|PIPRAM|Pipemidic acid,Small molecule,4,303.32,40,146,-0.08,100.35,7,2,0,3,N,0.82,5.11,8.57,-1.79,-1.8,2,MOL,0,22,8,2,0,303.1331,ZWITTERION,C14H17N5O3,CCn1cc(C(=O)O)c(=O)c2cnc(N3CCNCC3)nc21
CHEMBL1136,TELITHROMYCIN,HMR 3647|HMR-3647|Ketek|TELITHROMYCIN,Small molecule,4,812.02,72,1463,4.93,171.85,14,1,2,11,N,0.18,8.93,7.66,5.15,4.89,2,MOL,0,58,15,1,2,811.4731,NEUTRAL,C43H65N5O10,CC[C@H]1OC(=O)[C@H](C)C(=O)[C@H](C)[C@@H](O[C@@H]2O[C@H](C)C[C@H](N(C)C)[C@H]2O)[C@](C)(OC)C[C@@H](C)C(=O)[C@H](C)[C@H]2N(CCCCn3cnc(-c4cccnc4)c3)C(=O)O[C@]12C
CHEMBL285347,BIAPENEM,"BIAPENEM|CL 186,815|CL-186815|L-627|LJ C10,627|LJ-C10627|LJC-10627",Small molecule,1,350.4,23,117,-1.89,102.37,7,1,0,4,N,0.5,3.31,None,-6.06,-5.44,1,MOL,0,24,8,1,0,350.1049,ACID,C15H18N4O4S,C[C@@H](O)[C@H]1C(=O)N2C(C(=O)[O-])=C(SC3Cn4cnc[n+]4C3)[C@H](C)[C@H]12
CHEMBL1201046,CEFORANIDE,BL-S786|CEFORANIDE|Precef,Small molecule,4,519.57,6,32,-0.71,193.63,11,4,2,10,N,0.23,2.75,8.93,-3.18,-6.38,2,MOL,0,35,13,5,2,519.0995,ZWITTERION,C20H21N7O6S2,NCc1ccccc1CC(=O)N[C@@H]1C(=O)N2C(C(=O)O)=C(CSc3nnnn3CC(=O)O)CS[C@H]12
CHEMBL372795,STREPTOMYCIN,Chemform|Gerox|NSC-14083|STREPTOMYCIN|Strepcen,Small molecule,4,581.58,269,2964,-8.16,336.43,15,12,3,9,N,0.07,11.23,10.07,-7.06,-11.79,0,MOL,0,40,19,16,3,581.2657,BASE,C21H39N7O12,CN[C@@H]1[C@H](O[C@H]2[C@H](O[C@@H]3[C@@H](N=C(N)N)[C@H](O)[C@@H](N=C(N)N)[C@H](O)[C@H]3O)O[C@@H](C)[C@]2(O)C=O)O[C@@H](CO)[C@H](O)[C@H]1O
CHEMBL240163,PAZUFLOXACIN,PAZUFLOXACIN|T-3761,Small molecule,3,318.3,31,73,1.74,94.55,5,2,0,2,N,0.88,5.39,8.16,-1.06,-1.09,2,MOL,0,23,6,3,0,318.1016,ACID,C16H15FN2O4,C[C@H]1COc2c(C3(N)CC3)c(F)cc3c(=O)c(C(=O)O)cn1c23
CHEMBL1091024,MIOCAMYCIN,MIOCAMYCIN|Miocamycin|Miokamycin,Small molecule,0,898.05,8,57,3.91,218.19,18,1,2,14,N,0.15,12.75,7.9,4.07,3.45,0,MOL,0,63,18,1,2,897.4722,NEUTRAL,C45H71NO17,CCC(=O)O[C@H]1[C@H](C)O[C@@H](O[C@@H]2[C@@H](C)O[C@@H](O[C@@H]3[C@@H](OC)[C@H](OC(=O)CC)CC(=O)O[C@H](C)C/C=C/C=C/[C@H](OC(C)=O)[C@H](C)C[C@@H]3CC=O)[C@H](O)[C@H]2N(C)C)C[C@@]1(C)OC(C)=O
CHEMBL3989515,PENICILLIN G BENZATHINE,BENZATHINE BENZYLPENICILLIN|BENZATHINE PENICILLIN|BENZETHACIL|BENZYLPENICILLIN BENZATHINE|BENZYLPENICILLIN BENZATHINE HYDRATE|BICILLIN L-A|BICILLIN L-A TUBEX|Bicillin|EXTENCILLINE|PENADUR 6-3-3|PENICILLIN G BENZATHINE|PENIDURAL|PENIDURAL LA|Permapen|RETARPEN,Small molecule,4,981.2,,,0.86,86.71,4,2,0,4,N,0.8,3.53,None,1.08,-2.29,1,MOL,0,23,6,2,0,334.0987,ACID,C48H64N6O12S2,CC1(C)S[C@@H]2[C@H](NC(=O)Cc3ccccc3)C(=O)N2[C@H]1C(=O)O.CC1(C)S[C@@H]2[C@H](NC(=O)Cc3ccccc3)C(=O)N2[C@H]1C(=O)O.O.O.O.O.c1ccc(CNCCNCc2ccccc2)cc1
CHEMBL617,CEPHALOTHIN,CEFALOTIN|Cephalothin|Seffin,Small molecule,4,396.45,157,2690,0.59,113.01,7,2,0,6,N,0.53,3.43,None,0.02,-3.38,1,MOL,0,26,8,2,0,396.045,ACID,C16H16N2O6S2,CC(=O)OCC1=C(C(=O)O)N2C(=O)[C@@H](NC(=O)Cc3cccs3)[C@H]2SC1
CHEMBL1517,OXYTETRACYCLINE,BERKMYCEN|CHEMOCYCLINE|E703|GALENOMYCIN|Hi-Tet|IMPERACIN|Microtet|NSC-9169|OXITETRACYCLINE|OXTC|OXYMYCIN|OXYTETRACYCLINE|OXYTETRACYCLINE DIHYDRATE|OXYTETRAMIX-250|Oxytetracycline|TERRAFUNGINE|Terramycin|Tetraplex|UNIMYCIN,Small molecule,4,460.44,183,717,-1.24,201.85,10,7,1,2,N,0.26,2.84,7.38,-4.5,-4.82,1,MOL,0,33,11,8,2,460.1482,ACID,C22H24N2O9,CN(C)[C@@H]1C(O)=C(C(N)=O)C(=O)[C@@]2(O)C(O)=C3C(=O)c4c(O)cccc4[C@@](C)(O)[C@H]3[C@H](O)[C@@H]12
CHEMBL1951095,ERAVACYCLINE,ERAVACYCLINE|TP-434,Small molecule,4,558.56,14,58,0.29,193.73,10,6,2,5,N,0.22,2.62,8.53,-3.27,-3.51,1,MOL,0,40,12,7,3,558.2126,ZWITTERION,C27H31FN4O8,CN(C)[C@@H]1C(O)=C(C(N)=O)C(=O)[C@@]2(O)C(O)=C3C(=O)c4c(O)c(NC(=O)CN5CCCC5)cc(F)c4C[C@H]3C[C@@H]12
CHEMBL2104519,XIBORNOL,XIBORNOL,Small molecule,0,258.4,,,4.94,20.23,1,1,0,1,N,0.76,10.86,None,5.36,5.36,1,MOL,0,19,1,1,0,258.1984,NEUTRAL,C18H26O,Cc1cc(O)c(C2CC3CCC2(C)C3(C)C)cc1C
CHEMBL273348,TOSUFLOXACIN,ABBOTT-61827|Ozex|TOSUFLOXACIN|TOSUFLOXACIN TOSILATE,Small molecule,0,404.35,154,740,2.04,101.45,6,2,0,3,N,0.69,5.22,9.63,0.47,0.47,3,MOL,0,29,7,3,0,404.1096,ZWITTERION,C19H15F3N4O3,NC1CCN(c2nc3c(cc2F)c(=O)c(C(=O)O)cn3-c2ccc(F)cc2F)C1
CHEMBL443,SULFAMETHOXAZOLE,ACETYLSULFAMETHOXAZOLE|Acetylsulfamethoxazole|GANTANOL-DS|Gantanol|NSC-147832|RO 4-2130|RO-4-2130|STX-608|SULFAMETHOXAZOLE|SULFAMETHOXAZOLE SODIUM|SULPHAMETHOXAZOLE|Sinomin|Suphamethoxazole|UROBAK,Small molecule,4,253.28,187,1175,1.37,98.22,5,2,0,3,N,0.8,6.16,1.97,0.79,0,2,MOL,0,17,6,3,0,253.0521,ACID,C10H11N3O3S,Cc1cc(NS(=O)(=O)c2ccc(N)cc2)no1
CHEMBL1434,MINOCYCLINE,MINOCYCLINE|Minocycline,Small molecule,4,457.48,103,938,0.19,164.63,9,5,0,3,N,0.4,2.9,7.9,-2.54,-2.61,1,MOL,0,33,10,6,1,457.1849,ACID,C23H27N3O7,CN(C)c1ccc(O)c2c1C[C@H]1C[C@H]3[C@H](N(C)C)C(O)=C(C(N)=O)C(=O)[C@@]3(O)C(O)=C1C2=O
CHEMBL1384,KANAMYCIN,KANAMYCIN|Kanamycin,Small molecule,4,484.5,241,2007,-7.29,282.61,15,11,2,6,N,0.17,12.05,9.34,-7.06,-12.2,0,MOL,0,33,15,15,2,484.2381,BASE,C18H36N4O11,NC[C@H]1O[C@H](O[C@@H]2[C@@H](N)C[C@@H](N)[C@H](O[C@H]3O[C@H](CO)[C@@H](O)[C@H](N)[C@H]3O)[C@H]2O)[C@H](O)[C@@H](O)[C@@H]1O
CHEMBL1650559,PLAZOMICIN,ACHN-490|PLAZOMICIN,Small molecule,4,592.69,26,300,-5.36,269.29,15,11,3,13,N,0.09,12.39,9.76,-6.1,-14.22,0,MOL,0,41,16,14,3,592.3432,BASE,C25H48N6O10,CN[C@@H]1[C@@H](O)[C@@H](O[C@@H]2[C@@H](O)[C@H](O[C@H]3OC(CNCCO)=CC[C@H]3N)[C@@H](N)C[C@H]2NC(=O)[C@@H](O)CCN)OC[C@]1(C)O
CHEMBL453514,SPIRAMYCIN,ACETYLSPIRAMYCIN|IL 5902|IL-5902|NSC-55926|NSC-64393|ROVAMYCINE 250|RP 5337|RP-5337|Rovamycin|SPIRAMYCIN|Spiramycin I,Small molecule,4,843.06,37,132,2.33,195.38,16,4,2,11,N,0.17,12.53,9.26,2.5,0.02,0,MOL,0,59,16,4,2,842.514,BASE,C43H74N2O14,CO[C@@H]1[C@@H](O[C@@H]2O[C@H](C)[C@@H](O[C@H]3C[C@@](C)(O)[C@@H](O)[C@H](C)O3)[C@H](N(C)C)[C@H]2O)[C@@H](CC=O)C[C@@H](C)[C@@H](O[C@H]2CC[C@H](N(C)C)[C@@H](C)O2)/C=C/C=C/C[C@@H](C)OC(=O)C[C@H]1O
CHEMBL1082,AMOXICILLIN,AMIX 125|AMIX 250|AMIX 500|AMOPEN|AMORAM|AMOXICILLIN|AMOXICILLIN HYDRATE|AMOXICILLIN PEDIATRIC|AMOXICILLIN TRIHYDRATE|AMOXICILLINE|AMOXIDENT 250|AMOXIDENT 500|AMOXIL FIZTAB|AMOXIL SF|AMOXYCILLIN|AMOXYMED|AMRIT|Amoxi-Inject|Amoxi-Tabs|Amoxicilline|Amoxil|Amoxycillin|Aquacil|BRL 2333|BRL-2333|Biomox|DEDOXIL|Dispermox|FLEMOXIN SOLUTAB|GALENAMOX|Larotid|MOXATAG|NSC-277174|POLYMOX|RESPILLIN|Robamox|Sumox|Trimox|UTIMOX|Vetremox|WYMOX|ZOXYCIL 250|ZOXYCIL 500,Small molecule,4,365.41,332,3793,0.02,132.96,6,4,0,4,N,0.55,3.23,7.22,-2.31,-2.67,1,MOL,0,25,8,5,0,365.1045,ACID,C16H19N3O5S,CC1(C)S[C@@H]2[C@H](NC(=O)[C@H](N)c3ccc(O)cc3)C(=O)N2[C@H]1C(=O)O
CHEMBL428,TROVAFLOXACIN,CP-99219|TROVAFLOXACIN|Trovafloxacin,Small molecule,4,416.36,143,627,1.89,101.45,6,2,0,3,N,0.68,5.22,9.44,0.14,0.14,3,MOL,0,30,7,3,0,416.1096,ZWITTERION,C20H15F3N4O3,N[C@H]1[C@@H]2CN(c3nc4c(cc3F)c(=O)c(C(=O)O)cn4-c3ccc(F)cc3F)C[C@H]12
CHEMBL1213456,NEMONOXACIN,NEMONOXACIN|TG-873870,Small molecule,3,371.44,17,440,2.22,97.79,6,2,0,4,N,0.86,5.53,9.66,-0.44,-0.44,2,MOL,0,27,7,3,0,371.1845,ZWITTERION,C20H25N3O4,COc1c(N2C[C@@H](C)C[C@H](N)C2)ccc2c(=O)c(C(=O)O)cn(C3CC3)c12
CHEMBL1697763,NIFURTOINOL,NIFURTOINOL,Small molecule,0,268.19,3,22,-0.26,129.49,7,1,0,4,N,0.35,11.84,None,-0.58,-0.58,1,MOL,0,19,10,1,0,268.0444,NEUTRAL,C9H8N4O6,O=C1CN(/N=C/c2ccc([N+](=O)[O-])o2)C(=O)N1CO
CHEMBL3707254,FURAZIDIN,FURAZIDIN,Small molecule,0,264.2,,,0.74,118.05,6,1,0,4,N,0.37,8.23,0.48,0.07,0.01,1,MOL,0,19,9,1,0,264.0495,NEUTRAL,C10H8N4O5,O=C1CN(/N=C/C=C/c2ccc([N+](=O)[O-])o2)C(=O)N1
CHEMBL1440,TETRACYCLINE,ACHROMYCIN V|Achromycin|Cyclopar|E701|ECONOMYCIN|Liquamycin|NSC-108579|PANMYCIN|SUPRAMYCIN|SUSTAMYCIN|TETRABID ORGANON|TETRACYCLINE|Tetracycline|Tetracyn|Vetquamycin,Small molecule,4,444.44,330,5050,-0.21,181.62,9,6,1,2,N,0.34,2.91,8.81,-3.47,-3.7,1,MOL,0,32,10,7,1,444.1533,ZWITTERION,C22H24N2O8,CN(C)[C@@H]1C(O)=C(C(N)=O)C(=O)[C@@]2(O)C(O)=C3C(=O)c4c(O)cccc4[C@@](C)(O)[C@H]3C[C@@H]12
CHEMBL819,OXACILLIN,OXACILLIN|Oxacillin|Prostaphlin,Small molecule,4,401.44,87,1766,1.9,112.74,6,2,0,4,N,0.75,3.75,None,1.7,-1.59,2,MOL,0,28,8,2,0,401.1045,ACID,C19H19N3O5S,Cc1onc(-c2ccccc2)c1C(=O)N[C@@H]1C(=O)N2[C@@H](C(=O)O)C(C)(C)S[C@H]12
CHEMBL528,CEFTIZOXIME,CEFTIZOXIME|Cefizox|Ceftizoxime|FK-749,Small molecule,4,383.41,26,192,-0.56,147.21,9,3,0,5,N,0.35,2.66,3.6,-0.94,-3.61,1,MOL,0,25,10,4,0,383.0358,ACID,C13H13N5O5S2,CO/N=C(\C(=O)N[C@@H]1C(=O)N2C(C(=O)O)=CCS[C@H]12)c1csc(N)n1
CHEMBL1257051,TEDIZOLID,SIVEXTRO|TEDIZOLID|TOREZOLID|TR-700|Torezolid,Small molecule,4,370.34,33,337,1.4,106.26,8,1,0,4,N,0.74,None,None,2.12,2.12,3,MOL,0,27,9,1,0,370.119,NEUTRAL,C17H15FN6O3,Cn1nnc(-c2ccc(-c3ccc(N4C[C@H](CO)OC4=O)cc3F)cn2)n1
CHEMBL1599,CEPHAPIRIN,CEFAPIRIN|Cephapirin,Small molecule,4,423.47,8,50,0.48,125.9,8,2,0,7,N,0.37,3.35,4.99,-2.05,-4.17,1,MOL,0,28,9,2,0,423.0559,ACID,C17H17N3O6S2,CC(=O)OCC1=C(C(=O)O)N2C(=O)[C@@H](NC(=O)CSc3ccncc3)[C@H]2SC1
CHEMBL1201270,METHENAMINE,E-239|E239|HEXAMETHYLENAMINE|HEXAMETHYLENETETRAMINE|HEXAMINE|INS NO.239|INS-239|METHENAMINE|NSC-26346|NSC-403347|Uritone|Urotropin,Small molecule,4,140.19,9,33,-1.02,12.96,4,0,0,0,N,0.43,None,5.88,0.39,0.38,0,MOL,0,10,4,0,0,140.1062,NEUTRAL,C6H12N4,C1N2CN3CN1CN(C2)C3
CHEMBL221572,RIBOSTAMYCIN,RIBOSTAMYCIN|RIBOSTAMYCIN SULFATE,Small molecule,0,454.48,14,69,-6.65,262.38,14,10,2,6,N,0.18,12.17,9.59,-6.43,-11.28,0,MOL,0,31,14,14,2,454.2275,BASE,C17H34N4O10,NC[C@H]1O[C@H](O[C@@H]2[C@@H](N)C[C@@H](N)[C@H](O)[C@H]2O[C@@H]2O[C@H](CO)[C@@H](O)[C@H]2O)[C@H](N)[C@@H](O)[C@@H]1O
CHEMBL2107489,SULFATHIOUREA,SULFATHIOCARBAMIDE|SULFATHIOUREA|SULPHATHIOUREA,Small molecule,0,231.3,2,2,-0.21,98.21,4,3,0,2,N,0.48,6.13,2.25,0.3,-0.5,1,MOL,0,14,5,5,0,231.0136,ACID,C7H9N3O2S2,NC(=S)NS(=O)(=O)c1ccc(N)cc1
CHEMBL224436,JOSAMYCIN,EN-141|JOSAMYCIN|JOSAMYCIN PROPIONATE,Small molecule,3,828.01,21,114,3.01,206.05,16,3,2,12,N,0.15,12.71,7.9,3.22,2.6,0,MOL,0,58,16,3,2,827.4667,NEUTRAL,C42H69NO15,CO[C@@H]1[C@@H](O[C@@H]2O[C@H](C)[C@@H](O[C@H]3C[C@@](C)(O)[C@@H](OC(=O)CC(C)C)[C@H](C)O3)[C@H](N(C)C)[C@H]2O)[C@@H](CC=O)C[C@@H](C)[C@@H](O)/C=C/C=C/C[C@@H](C)OC(=O)C[C@H]1OC(C)=O
CHEMBL2104266,EPICILLIN,"Dexacillin|EPICILLIN|SQ 11,302",Small molecule,0,351.43,,,0.22,112.73,5,3,0,4,N,0.49,3.25,7.6,-2.31,-2.5,0,MOL,0,24,7,4,0,351.1253,ACID,C16H21N3O4S,CC1(C)S[C@@H]2[C@H](NC(=O)[C@H](N)C3=CCC=CC3)C(=O)N2[C@H]1C(=O)O
CHEMBL439,SULFADIAZINE,Adiazine|Coco-diazine|Diazyl|NSC-35600|SSD|SULFACOMBIN|SULFADIAZINE|SULFADIAZINE (TRISULFAPYRIMIDINES)|SULPHADIAZINE|Sildaflo|Silvadene|Sulfadiazine|Sulfapyrimidine|Sulfolex|Sulphadiazine|Thermazene,Small molecule,4,250.28,167,838,0.86,97.97,5,2,0,3,N,0.79,6.99,2.01,0.39,-0.05,2,MOL,0,17,6,3,0,250.0524,NEUTRAL,C10H10N4O2S,Nc1ccc(S(=O)(=O)Nc2ncccn2)cc1
CHEMBL221886,SISOMICIN,SCH 13475|SISOMICIN|SISSOMICIN,Small molecule,3,447.53,135,726,-3.85,213.72,12,8,2,6,N,0.2,12.55,9.59,-4.32,-11.46,0,MOL,0,31,12,12,2,447.2693,BASE,C19H37N5O7,CN[C@@H]1[C@@H](O)[C@@H](O[C@@H]2[C@@H](O)[C@H](O[C@H]3OC(CN)=CC[C@H]3N)[C@@H](N)C[C@H]2N)OC[C@]1(C)O
CHEMBL1167,SPECTINOMYCIN,CHX-3101|SPECTINOMYCIN|Spectinomycin|Trobicin,Small molecule,4,332.35,140,528,-2.93,129.51,9,5,0,2,N,0.36,8.66,9.17,-2.2,-3.09,0,MOL,0,23,9,5,0,332.1584,BASE,C14H24N2O7,CN[C@H]1[C@@H](O)[C@@H](NC)[C@H](O)[C@H]2O[C@@H]3O[C@H](C)CC(=O)[C@]3(O)O[C@H]12
CHEMBL272080,ISEPAMICIN,ISEPAMICIN|ISEPAMICIN SULFATE|SCH 21420,Small molecule,0,569.61,20,99,-7.52,297.72,16,12,3,9,N,0.12,11.95,13.97,-7.3,-13.18,0,MOL,0,39,17,15,3,569.2908,BASE,C22H43N5O12,CN[C@@H]1[C@@H](O)[C@@H](O[C@@H]2[C@@H](O)[C@H](O[C@H]3O[C@H](CN)[C@@H](O)[C@H](O)[C@H]3O)[C@@H](N)C[C@H]2NC(=O)[C@@H](O)CN)OC[C@]1(C)O
CHEMBL506110,SULTAMICILLIN,"CP-49,952|CP-49952|SULTAMICILLIN|SULTAMICILLIN TOSILATE|UNASYN|VD-1827",Small molecule,4,594.67,5,30,-0.59,182.48,11,2,2,7,N,0.23,11.71,7.23,-0.4,-0.63,1,MOL,0,40,13,3,2,594.1454,NEUTRAL,C25H30N4O9S2,CC1(C)S[C@@H]2[C@H](NC(=O)[C@H](N)c3ccccc3)C(=O)N2[C@H]1C(=O)OCOC(=O)[C@@H]1N2C(=O)C[C@H]2S(=O)(=O)C1(C)C
CHEMBL295619,RUFLOXACIN,MF 934|RUFLOXACIN,Small molecule,0,363.41,33,141,1.7,65.78,6,1,0,2,N,0.88,5.25,6.04,0.68,-0.37,2,MOL,0,25,6,1,0,363.1053,ACID,C17H18FN3O3S,CN1CCN(c2c(F)cc3c(=O)c(C(=O)O)cn4c3c2SCC4)CC1
CHEMBL1644,CEFADROXIL,BAXAN|BL-S578|CEFADROXIL|CEFADROXIL MONOHYDRATE|CEFADROXIL/CEFADROXIL HEMIHYDRATE|Cefadrops|Cefadroxil|Cefadroxil/cefadroxil hemihydrate|Cefatabs|Duricef|MJF 11567-3|MJF-11567-3|Ultracef,Small molecule,4,363.39,39,189,0.15,132.96,6,4,0,4,N,0.56,3.25,7.22,-2.45,-2.81,1,MOL,0,25,8,5,0,363.0889,ACID,C16H17N3O5S,CC1=C(C(=O)O)N2C(=O)[C@@H](NC(=O)[C@H](N)c3ccc(O)cc3)[C@H]2SC1
CHEMBL2105907,AZIDOCILLIN,AZIDOCILLIN|BRL 2534|SPC 297 D,Small molecule,0,375.41,,,1.67,135.47,5,2,0,5,N,0.35,3.32,None,1.19,-2.35,1,MOL,0,26,9,2,0,375.1001,ACID,C16H17N5O4S,CC1(C)S[C@@H]2[C@H](NC(=O)[C@H](N=[N+]=[N-])c3ccccc3)C(=O)N2[C@H]1C(=O)O
CHEMBL1614637,PHENETHICILLIN,PHENETICILLIN,Small molecule,4,364.42,7,10,1.09,95.94,5,2,0,5,N,0.76,3.47,None,1.33,-2.05,1,MOL,0,25,7,2,0,364.1093,ACID,C17H20N2O5S,CC(Oc1ccccc1)C(=O)N[C@@H]1C(=O)N2[C@@H](C(=O)O)C(C)(C)S[C@H]12
CHEMBL2106403,FLURITHROMYCIN,FLURITHROMYCIN,Small molecule,0,751.93,2,19,1.88,193.91,14,5,2,7,N,0.24,12.45,8.38,2.43,1.41,0,MOL,0,52,14,5,2,751.4518,NEUTRAL,C37H66FNO13,CC[C@H]1OC(=O)[C@H](C)[C@@H](O[C@H]2C[C@@](C)(OC)[C@@H](O)[C@H](C)O2)[C@H](C)[C@@H](O[C@@H]2O[C@H](C)C[C@H](N(C)C)[C@H]2O)[C@](C)(O)C[C@](C)(F)C(=O)[C@H](C)[C@@H](O)[C@]1(C)O
CHEMBL437,SULFATHIAZOLE,SULFATHIAZOLE|SULFATHIAZOLE (TRIPLE SULFA)|SULPHATHIAZOLE|Sulfathiazole|THIAZAMIDE,Small molecule,4,255.32,206,919,1.53,85.08,5,2,0,3,N,0.81,6.93,2.04,0.98,0.5,2,MOL,0,16,5,3,0,255.0136,NEUTRAL,C9H9N3O2S2,Nc1ccc(S(=O)(=O)Nc2nccs2)cc1
CHEMBL1628385,PROCAINE BENZYLPENICILLIN,BICILLIN|CILICAINE SYRINGE|DEPOCILLIN|E707|PROCAINE BENZYLPENICILLIN,Small molecule,4,570.71,,,None,None,None,None,None,None,None,None,None,None,None,None,None,MOL,0,None,None,None,None,570.2512,None,C29H38N4O6S,CC1(C)S[C@@H]2[C@H](NC(=O)Cc3ccccc3)C(=O)N2[C@H]1C(=O)O.CCN(CC)CCOC(=O)c1ccc(N)cc1
CHEMBL403,SULBACTAM,CP-45899|CP-458992|SULBACTAM|Sulbactam,Small molecule,4,233.25,165,717,-0.79,91.75,4,1,0,1,N,0.6,3.09,None,-0.89,-4.35,0,MOL,0,15,6,1,0,233.0358,ACID,C8H11NO5S,CC1(C)[C@H](C(=O)O)N2C(=O)C[C@H]2S1(=O)=O
CHEMBL176,BEKANAMYCIN,AMINODEOXYKANAMYCIN|BEKANAMYCIN|BEKANAMYCIN SULFATE|KANAMYCIN B|Kantrex|Klebcil|NK 1006|NK-1006,Small molecule,3,483.52,45,272,-7.33,288.4,15,11,2,6,N,0.17,12.39,9.34,-7.17,-13.11,0,MOL,0,33,15,16,2,483.254,BASE,C18H37N5O10,NC[C@H]1O[C@H](O[C@@H]2[C@@H](N)C[C@@H](N)[C@H](O[C@H]3O[C@H](CO)[C@@H](O)[C@H](N)[C@H]3O)[C@H]2O)[C@H](N)[C@@H](O)[C@@H]1O
CHEMBL134561,ICLAPRIM,AR-100|ICLAPRIM|RO 48-2622|RO-48-2622|Ro-482622,Small molecule,3,354.41,30,248,2.43,105.51,7,2,0,5,N,0.85,None,7.15,2.49,2.3,2,MOL,0,26,7,4,0,354.1692,NEUTRAL,C19H22N4O3,COc1cc(Cc2cnc(N)nc2N)c2c(c1OC)OC(C1CC1)C=C2
CHEMBL430,GEMIFLOXACIN,GEMIFLOXACIN|Gemifloxacin,Small molecule,4,389.39,65,741,0.97,123.04,8,2,0,5,N,0.73,5.35,9.23,-0.91,-0.91,2,MOL,0,28,9,3,0,389.1499,ZWITTERION,C18H20FN5O4,CO/N=C1\CN(c2nc3c(cc2F)c(=O)c(C(=O)O)cn3C2CC2)CC1CN
CHEMBL1730,CEFOTAXIME,CEFOTAXIME|Cefotaxime,Small molecule,4,455.47,324,3962,-0.62,173.51,11,3,1,7,N,0.21,2.73,3.58,-1.49,-4.2,1,MOL,0,30,12,4,1,455.0569,ACID,C16H17N5O7S2,CO/N=C(\C(=O)N[C@@H]1C(=O)N2C(C(=O)O)=C(COC(C)=O)CS[C@H]12)c1csc(N)n1
CHEMBL1146,CEFAMANDOLE,CEFAMANDOLE|CEPHAMANDOLE|COMPOUND 83405|COMPOUND-83405|J01DC03,Small molecule,4,462.51,49,188,-0.23,150.54,10,3,0,7,N,0.37,3.13,None,0.03,-3.43,2,MOL,0,31,11,3,1,462.078,ACID,C18H18N6O5S2,Cn1nnnc1SCC1=C(C(=O)O)N2C(=O)[C@@H](NC(=O)[C@H](O)c3ccccc3)[C@H]2SC1
CHEMBL1201224,CEFMENOXIME,CEFMENOXIME|Cefmenoxime,Small molecule,4,511.57,3,20,-0.87,190.81,14,3,2,8,N,0.17,2.73,3.42,-0.93,-3.58,2,MOL,0,33,14,4,2,511.0515,ACID,C16H17N9O5S3,CO/N=C(\C(=O)N[C@@H]1C(=O)N2C(C(=O)O)=C(CSc3nnnn3C)CS[C@H]12)c1csc(N)n1
CHEMBL438,SULFAMERAZINE,Mesulfa|Methypyrimal|SULFAMERAZINE|SULFAMERAZINE (TRISULFAPYRIMIDINES)|Sulfamerazine|Sulfamethyldiazine|Sumedin,Small molecule,4,264.31,127,319,1.17,97.97,5,2,0,3,N,0.81,6.99,2,0.52,0.08,2,MOL,0,18,6,3,0,264.0681,NEUTRAL,C11H12N4O2S,Cc1ccnc(NS(=O)(=O)c2ccc(N)cc2)n1
CHEMBL702,PIPERACILLIN,PIPERACILLIN|PIPERACILLIN HYDRATE|Piperacillin,Small molecule,4,517.56,292,4280,-0.24,156.43,7,3,1,6,N,0.34,3.49,None,-0.26,-3.64,1,MOL,0,36,12,3,2,517.1631,ACID,C23H27N5O7S,CCN1CCN(C(=O)N[C@@H](C(=O)N[C@@H]2C(=O)N3[C@@H](C(=O)O)C(C)(C)S[C@H]23)c2ccccc2)C(=O)C1=O
CHEMBL6273,FLEROXACIN,AM-833|FLEROXACIN|Megalone|RO 23-6240/000|Ro-236240,Small molecule,0,369.34,150,482,1.7,65.78,5,1,0,4,N,0.89,5.32,5.99,0.98,-0.09,2,MOL,0,26,6,1,0,369.13,ACID,C17H18F3N3O3,CN1CCN(c2c(F)cc3c(=O)c(C(=O)O)cn(CCF)c3c2F)CC1
CHEMBL1619785,TALAMPICILLIN,TALAMPICILLIN,Small molecule,4,481.53,,,1.65,128.03,8,2,0,5,N,0.49,11.52,7.23,2.09,1.86,2,MOL,0,34,9,3,0,481.1308,NEUTRAL,C24H23N3O6S,CC1(C)S[C@@H]2[C@H](NC(=O)[C@H](N)c3ccccc3)C(=O)N2[C@H]1C(=O)OC1OC(=O)c2ccccc21
CHEMBL1757,FOSFOMYCIN,FOSFOCINA|FOSFOMYCIN|FOSFOMYCIN CALCIUM|FOSFOMYCIN SODIUM|Fosfomycin|J01XX01|Monurol|ZTI-01,Small molecule,4,138.06,72,383,-0.09,70.06,2,2,0,1,N,0.39,1.25,None,-0.74,-3.18,0,MOL,0,8,4,2,0,138.0082,ACID,C3H7O4P,C[C@@H]1O[C@@H]1P(=O)(O)O
CHEMBL33,LEVOFLOXACIN,DR-3355|EVOXIL|Floxacin|IQUIX|LEVOFLOXACIN|LEVOFLOXACIN HEMIHYDRATE|LEVOFLOXACIN HYDRATE|Levaquin|OFLOXACIN S-(-)-FORM|OFLOXACIN S-(-)-FORM HEMIHYDRATE|OFTAQUIX|QUINSAIR|Quixin|RWJ-25213|TAVANIC,Small molecule,4,361.37,369,7598,1.54,75.01,6,1,0,2,N,0.87,5.29,6.16,0.51,-0.47,2,MOL,0,26,7,1,0,361.1438,ACID,C18H20FN3O4,C[C@H]1COc2c(N3CCN(C)CC3)c(F)cc3c(=O)c(C(=O)O)cn1c23
CHEMBL426926,ARBEKACIN,ARBEKACIN|ARBEKACIN SULFATE,Small molecule,0,552.63,17,113,-6.4,297.27,15,11,3,10,N,0.12,12.38,9.91,-6.85,-15.61,0,MOL,0,38,16,16,3,552.3119,BASE,C22H44N6O10,NCC[C@H](O)C(=O)N[C@@H]1C[C@H](N)[C@@H](O[C@H]2O[C@H](CN)CC[C@H]2N)[C@H](O)[C@H]1O[C@H]1O[C@H](CO)[C@@H](O)[C@H](N)[C@H]1O
CHEMBL606258,OLEANDOMYCIN,E704|OLEANDOMYCIN,Small molecule,0,687.87,9,63,1.91,165.98,13,3,2,6,N,0.27,12.67,8.38,2.98,1.95,0,MOL,0,48,13,3,2,687.4194,NEUTRAL,C35H61NO12,CO[C@H]1C[C@H](O[C@@H]2[C@@H](C)C(=O)O[C@H](C)[C@H](C)[C@H](O)[C@@H](C)C(=O)[C@]3(CO3)C[C@H](C)[C@H](O[C@@H]3O[C@H](C)C[C@H](N(C)C)[C@H]3O)[C@H]2C)O[C@@H](C)[C@@H]1O
CHEMBL491571,DORIPENEM,DORIBAX|DORIPENEM|Finibax|S-4661,Small molecule,4,420.51,142,1975,-1.6,162.06,7,5,0,7,N,0.31,3.34,9.51,-5.56,-5.57,0,MOL,0,27,10,6,1,420.1137,ZWITTERION,C15H24N4O6S2,C[C@@H](O)[C@H]1C(=O)N2C(C(=O)O)=C(S[C@@H]3CN[C@H](CNS(N)(=O)=O)C3)[C@H](C)[C@H]12
CHEMBL174,AMPICILLIN,AMFIPEN|AMINOBENZYLPENICILLIN|AMPICILLIN|AMPICILLIN TRIHYDRATE|AMPICILLIN/AMPICILLIN TRIHYDRATE|AMPILAR|ANHYDROUS AMPICILLIN|AY-6108|Alpha-Aminobenzylpenicillin|Amcill|Ampicillin|BRITCIN|BRL-1341|NSC-528986|OMNIPEN (AMPICILLIN)|Omnipen|Omnipen-N|P-50|PENBRITIN|PFIZERPEN-A|PRINCIPEN '125'|PRINCIPEN '250'|PRINCIPEN '500'|Penbritin|Penbritin-S|Pfizerpen-A|Polycillin|Polycillin-N|Polycillin-Prb|Principen|Probampacin|TOTACILLIN|Totacillin|Totacillin-N|VIDOPEN|WY 5103,Small molecule,4,349.41,504,7117,0.32,112.73,5,3,0,4,N,0.67,3.24,7.23,-2,-2.36,1,MOL,0,24,7,4,0,349.1096,ACID,C16H19N3O4S,CC1(C)S[C@@H]2[C@H](NC(=O)[C@H](N)c3ccccc3)C(=O)N2[C@H]1C(=O)O
CHEMBL1318150,ASPOXICILLIN,ASPOXICILLIN,Small molecule,0,493.54,5,22,-1.36,191.16,8,6,1,8,N,0.24,3.48,7.04,-4.07,-4.53,1,MOL,0,34,12,7,2,493.1631,ACID,C21H27N5O7S,CNC(=O)C[C@@H](N)C(=O)N[C@@H](C(=O)N[C@@H]1C(=O)N2[C@@H](C(=O)O)C(C)(C)S[C@H]12)c1ccc(O)cc1
CHEMBL1753,CLINDAMYCIN,"Antirobe|CHLORODEOXYLINCOMYCIN|CHLOROLINCOMYCIN|CLINDAMYCIN|Cleocin|Cleocin T|Clindamycin|Sobelin|U-21,251|U-21251",Small molecule,4,424.99,283,3597,0.39,102.26,7,4,0,7,N,0.44,12.41,7.55,1.04,0.65,0,MOL,0,27,7,4,0,424.1799,NEUTRAL,C18H33ClN2O5S,CCC[C@@H]1C[C@@H](C(=O)N[C@H]([C@H](C)Cl)[C@H]2O[C@H](SC)[C@H](O)[C@@H](O)[C@H]2O)N(C)C1
CHEMBL177,AMIKACIN,AMIKACIN|Amikacin|Amikin|BAY 41-6551|NSC-177001,Small molecule,4,585.61,213,3264,-8.42,331.94,17,13,3,10,N,0.11,12.16,9.61,-8.58,-15.1,0,MOL,0,40,18,17,3,585.2857,BASE,C22H43N5O13,NCC[C@H](O)C(=O)N[C@@H]1C[C@H](N)[C@@H](O[C@H]2O[C@H](CN)[C@@H](O)[C@H](O)[C@H]2O)[C@H](O)[C@H]1O[C@H]1O[C@H](CO)[C@@H](O)[C@H](N)[C@H]1O
CHEMBL262777,VANCOMYCIN,VANCOMYCIN|Vancoled|Vancomycin|Vancor,Small molecule,4,1449.27,360,10161,None,None,None,None,None,None,None,None,None,None,None,None,None,MOL,0,None,None,None,None,1447.4302,None,C66H75Cl2N9O24,CN[C@H](CC(C)C)C(=O)N[C@H]1C(=O)N[C@@H](CC(N)=O)C(=O)N[C@H]2C(=O)N[C@H]3C(=O)N[C@H](C(=O)N[C@H](C(=O)O)c4cc(O)cc(O)c4-c4cc3ccc4O)[C@H](O)c3ccc(c(Cl)c3)Oc3cc2cc(c3O[C@@H]2O[C@H](CO)[C@@H](O)[C@H](O)[C@H]2O[C@H]2C[C@](C)(N)[C@H](O)[C@H](C)O2)Oc2ccc(cc2Cl)[C@H]1O
CHEMBL1537,AZLOCILLIN,AZLOCILLIN|Azlin|Azlocillin,Small molecule,4,461.5,126,805,0.09,148.15,6,4,0,5,N,0.45,3.49,None,-0.33,-3.7,1,MOL,0,32,11,4,1,461.1369,ACID,C20H23N5O6S,CC1(C)S[C@@H]2[C@H](NC(=O)[C@H](NC(=O)N3CCNC3=O)c3ccccc3)C(=O)N2[C@H]1C(=O)O
CHEMBL3989504,SITAFLOXACIN,DU-6859A|SITAFLOXACIN,Small molecule,2,427.84,,,2.7,88.56,5,2,0,3,N,0.81,5.51,9.37,-0.17,-0.16,2,MOL,0,28,6,3,0,409.1005,ZWITTERION,C19H20ClF2N3O4,N[C@@H]1CN(c2c(F)cc3c(=O)c(C(=O)O)cn([C@@H]4C[C@@H]4F)c3c2Cl)CC12CC2.O
CHEMBL1201195,CEFMETAZOLE,CEFMETAZOLE|U-72791,Small molecule,4,471.55,158,486,-0.73,163.33,12,2,1,9,N,0.2,3.18,None,-0.65,-4.1,1,MOL,0,30,12,2,1,471.0453,ACID,C15H17N7O5S3,CO[C@@]1(NC(=O)CSCC#N)C(=O)N2C(C(=O)O)=C(CSc3nnnn3C)CS[C@@H]21
CHEMBL1541,CEFIXIME,"CEFIXIME|CEFIXIME HYDRATE|CEFIXIME TRIHYDRATE|CL 284,635|CL-284635|Cefspan|FK 027|FK-027|FR 17027|FR-17027|Oroken|Suprax",Small molecule,4,453.46,75,455,-0.54,184.51,10,4,0,8,N,0.23,2.62,3.95,-1.28,-7.13,1,MOL,0,30,12,5,1,453.0413,ACID,C16H15N5O7S2,C=CC1=C(C(=O)O)N2C(=O)[C@@H](NC(=O)/C(=N\OCC(=O)O)c3csc(N)n3)[C@H]2SC1
CHEMBL158,AZTREONAM,AZTREONAM|Azactam|CAYSTON|NSC-646279|SO 26776|SQ 26776|SQ-26776,Small molecule,4,435.44,244,2761,-1.17,201.58,10,4,0,7,N,0.17,-1.52,3.91,-3.08,-6.12,1,MOL,0,28,13,5,1,435.0519,ACID,C13H17N5O8S2,C[C@H]1[C@H](NC(=O)/C(=N\OC(C)(C)C(=O)O)c2csc(N)n2)C(=O)N1S(=O)(=O)O
CHEMBL2103929,LYMECYCLINE,LYMECYCLINE|TETRALYSAL 150|TETRALYSAL 300,Small molecule,4,602.64,2,19,-0.45,242.98,12,9,3,10,N,0.09,2.11,9.56,-6.6,-6.63,1,MOL,0,43,14,10,3,602.2588,ZWITTERION,C29H38N4O10,CN(C)[C@@H]1C(O)=C(C(=O)NCNCCCC[C@H](N)C(=O)O)C(=O)[C@@]2(O)C(O)=C3C(=O)c4c(O)cccc4[C@@](C)(O)[C@H]3C[C@@H]12
CHEMBL32,MOXIFLOXACIN,AVELOX|AVELOX I.V.|Avelox|MOXIFLOXACIN|Moxifloxacin|Vigamox,Small molecule,4,401.44,194,4151,2.37,83.8,6,2,0,4,N,0.82,5.49,9.42,-0.5,-0.5,2,MOL,0,29,7,2,0,401.1751,ZWITTERION,C21H24FN3O4,COc1c(N2C[C@@H]3CCCN[C@@H]3C2)c(F)cc2c(=O)c(C(=O)O)cn(C3CC3)c12
CHEMBL404520,CHLORTETRACYCLINE,CHLORTETRACYCLINE|Chlortetracycline|E702,Small molecule,4,478.89,124,863,0.44,181.62,9,6,1,2,N,0.33,2.64,8.55,-2.89,-3.33,1,MOL,0,33,10,7,1,478.1143,ZWITTERION,C22H23ClN2O8,CN(C)[C@@H]1C(O)=C(C(N)=O)C(=O)[C@@]2(O)C(O)=C3C(=O)c4c(O)ccc(Cl)c4[C@@](C)(O)[C@H]3C[C@@H]12
CHEMBL22,TRIMETHOPRIM,BW 56-72|BW-56-72|IPRAL|LEDATRIM|MONOTRIM|NIH-204|NSC-106568|Polytrim|Primsol|Proloprim|Proloprin|SYRAPRIM|TCMDC-125538|TIEMPE|TRIMETHOPRIM|TRIMOGAL|TRIMOPAN|TRIMPEX 200|TRIPRIMIX 200|Trimpex,Small molecule,4,290.32,239,1902,1.26,105.51,7,2,0,5,N,0.85,None,7.16,1.28,1.1,2,MOL,0,21,7,4,0,290.1379,NEUTRAL,C14H18N4O3,COc1cc(Cc2cnc(N)nc2N)cc(OC)c1OC
CHEMBL3291398,LEFAMULIN,BC-3781|LEFAMULIN,Small molecule,4,507.74,10,28,3.87,109.85,7,3,1,5,N,0.38,None,10.08,2.9,0.38,0,MOL,0,35,6,4,1,507.3018,BASE,C28H45NO5S,C=C[C@]1(C)C[C@@H](OC(=O)CS[C@@H]2CC[C@@H](N)C[C@H]2O)[C@]2(C)[C@H](C)CC[C@]3(CCC(=O)[C@H]32)[C@@H](C)[C@@H]1O
CHEMBL507870,TELAVANCIN,TELAVANCIN,Small molecule,4,1755.66,82,1184,None,None,None,None,None,None,None,None,None,None,None,None,None,MOL,0,None,None,None,None,1753.6374,None,C80H106Cl2N11O27P,CCCCCCCCCCNCCN[C@@]1(C)C[C@H](O[C@H]2[C@H](Oc3c4cc5cc3Oc3ccc(cc3Cl)[C@@H](O)[C@@H](NC(=O)[C@@H](CC(C)C)NC)C(=O)N[C@@H](CC(N)=O)C(=O)N[C@H]5C(=O)N[C@H]3C(=O)N[C@H](C(=O)N[C@H](C(=O)O)c5cc(O)c(CNCP(=O)(O)O)c(O)c5-c5cc3ccc5O)[C@H](O)c3ccc(c(Cl)c3)O4)O[C@H](CO)[C@@H](O)[C@@H]2O)O[C@@H](C)[C@H]1O
CHEMBL1697829,CEFTEZOLE,CEFTEZOLE|CEFTEZOLE SODIUM,Small molecule,0,440.49,2,2,-0.94,156.09,12,2,1,7,N,0.4,2.69,None,-1.64,-5.14,2,MOL,0,28,12,2,1,440.0144,ACID,C13H12N8O4S3,O=C(Cn1cnnn1)N[C@@H]1C(=O)N2C(C(=O)O)=C(CSc3nncs3)CS[C@H]12
CHEMBL1276342,CEFMINOX,CEFMINOX|CEFMINOX SODIUM,Small molecule,0,519.59,7,28,-1.84,202.86,13,4,2,11,N,0.14,1.55,8.82,-3.63,-6.96,1,MOL,0,33,14,5,2,519.0665,ZWITTERION,C16H21N7O7S3,CO[C@@]1(NC(=O)CSC[C@@H](N)C(=O)O)C(=O)N2C(C(=O)O)=C(CSc3nnnn3C)CS[C@@H]21
CHEMBL3186538,CEFROXADINE,CEFROXADINE|CGP 9000,Small molecule,0,365.41,2,19,-0.07,121.96,6,3,0,5,N,0.46,3.08,7.6,-3.4,-3.6,0,MOL,0,25,8,4,0,365.1045,ACID,C16H19N3O5S,COC1=C(C(=O)O)N2C(=O)[C@@H](NC(=O)[C@H](N)C3=CCC=CC3)[C@H]2SC1
CHEMBL927,CEFDINIR,BMY-28488|CEFDINIR|CI-983|Cefzon|FK 482|FK-482|Omnicef,Small molecule,4,395.42,63,354,-0.17,158.21,9,4,0,5,N,0.23,2.73,3.61,-0.89,-3.7,1,MOL,0,26,10,5,0,395.0358,ACID,C14H13N5O5S2,C=CC1=C(C(=O)O)N2C(=O)[C@@H](NC(=O)/C(=N\O)c3csc(N)n3)[C@H]2SC1
CHEMBL127,MEROPENEM,"ICI 194,660|ICI-194660|MEROPENEM|MEROPENEM HYDRATE|MEROPENEM TRIHYDRATE|Merrem|Merrem i.v.|SM-7338",Small molecule,4,383.47,332,5946,-0.31,110.18,6,3,0,5,N,0.56,3.28,9.39,-4.35,-4.36,0,MOL,0,26,8,3,0,383.1515,ZWITTERION,C17H25N3O5S,C[C@@H](O)[C@H]1C(=O)N2C(C(=O)O)=C(S[C@@H]3CN[C@H](C(=O)N(C)C)C3)[C@H](C)[C@H]12
CHEMBL215303,GARENOXACIN,GARENOXACIN,Small molecule,0,426.42,86,334,4.47,80.56,5,2,0,5,N,0.63,5.86,8.88,1.59,1.59,3,MOL,0,31,6,2,0,426.1391,ZWITTERION,C23H20F2N2O4,C[C@H]1NCc2cc(-c3ccc4c(=O)c(C(=O)O)cn(C5CC5)c4c3OC(F)F)ccc21
CHEMBL507674,CEFOPERAZONE,CEFOPERAZONE|Cefoperazone,Small molecule,4,645.68,49,220,-1.11,220.26,13,4,2,9,N,0.14,3.19,None,-0.9,-4.35,2,MOL,0,44,17,4,2,645.1424,ACID,C25H27N9O8S2,CCN1CCN(C(=O)N[C@@H](C(=O)N[C@@H]2C(=O)N3C(C(=O)O)=C(CSc4nnnn4C)CS[C@H]23)c2ccc(O)cc2)C(=O)C1=O
CHEMBL1200610,LORACARBEF,LORACARBEF|LORACARBEF MONOHYDRATE|LY-163892 MONOHYDRATE|LY163892 MONOHYDRATE|Lorabid,Small molecule,4,367.79,,,0.71,112.73,4,3,0,4,N,0.69,2.93,7.23,-2.4,-2.76,1,MOL,0,24,7,4,0,349.0829,ACID,C16H18ClN3O5,N[C@@H](C(=O)N[C@@H]1C(=O)N2C(C(=O)O)=C(Cl)CC[C@H]12)c1ccccc1.O
CHEMBL1436,CEFUROXIME,640/359|CEFUROXIME|Cefuroxime|Cefuroximine|Kefurox|Zinacef,Small molecule,4,424.39,135,1427,-0.54,173.76,9,3,0,7,N,0.3,2.96,None,-0.9,-4.38,1,MOL,0,29,12,4,1,424.0689,ACID,C16H16N4O8S,CO/N=C(\C(=O)N[C@@H]1C(=O)N2C(C(=O)O)=C(COC(N)=O)CS[C@H]12)c1ccco1
CHEMBL1447,LINCOMYCIN,"LINCOMYCIN|Lincomycin|U-10,149|U-10149",Small molecule,4,406.55,138,882,-0.86,122.49,8,5,0,7,N,0.37,12.37,7.97,-0.32,-0.99,0,MOL,0,27,8,5,0,406.2138,NEUTRAL,C18H34N2O6S,CCC[C@@H]1C[C@@H](C(=O)N[C@H]([C@@H](C)O)[C@H]2O[C@H](SC)[C@H](O)[C@@H](O)[C@H]2O)N(C)C1
CHEMBL891,CLOXACILLIN,CLOXACILLIN|Cloxacillin|Cloxapen|ORBENIN|Tegopen,Small molecule,4,435.89,156,1118,2.55,112.74,6,2,0,4,N,0.71,3.75,None,2.3,-0.98,2,MOL,0,29,8,2,0,435.0656,ACID,C19H18ClN3O5S,Cc1onc(-c2ccccc2Cl)c1C(=O)N[C@@H]1C(=O)N2[C@@H](C(=O)O)C(C)(C)S[C@H]12
CHEMBL1601,CEFONICID,CEFONICID|Cefonicid,Small molecule,4,542.58,12,46,-0.92,204.91,12,4,2,9,N,0.17,-1.32,None,-2.52,-6.86,2,MOL,0,35,14,4,2,542.0348,ACID,C18H18N6O8S3,O=C(O)C1=C(CSc2nnnn2CS(=O)(=O)O)CS[C@@H]2[C@H](NC(=O)[C@H](O)c3ccccc3)C(=O)N12
CHEMBL2106988,PENAMECILLIN,"HAVAPEN|PENAMECILLIN|WY-20,788",Small molecule,4,406.46,,,0.84,102.01,7,1,0,6,N,0.42,11.85,None,1.09,1.09,1,MOL,0,28,8,1,0,406.1199,NEUTRAL,C19H22N2O6S,CC(=O)OCOC(=O)[C@@H]1N2C(=O)[C@@H](NC(=O)Cc3ccccc3)[C@H]2SC1(C)C
CHEMBL3833378,PENIMEPICYCLINE,PENIMEPICYCLINE,Small molecule,0,937.04,,,None,None,None,None,None,None,None,None,None,None,None,None,None,MOL,0,None,None,None,None,936.3575,None,C45H56N6O14S,CC1(C)S[C@@H]2[C@H](NC(=O)COc3ccccc3)C(=O)N2[C@H]1C(=O)O.CN(C)[C@@H]1C(O)=C(C(=O)NCN2CCN(CCO)CC2)C(=O)[C@@]2(O)C(O)=C3C(=O)c4c(O)cccc4[C@@](C)(O)[C@H]3C[C@@H]12
CHEMBL1743,CEFDITOREN,CEFDITOREN|Cefditoren,Small molecule,0,506.59,1,2,1.29,160.1,11,3,2,7,N,0.29,2.27,3.69,-0.16,-2.69,2,MOL,0,33,11,4,2,506.0501,ACID,C19H18N6O5S3,CO/N=C(\C(=O)N[C@@H]1C(=O)N2C(C(=O)O)=C(/C=C\c3scnc3C)CS[C@H]12)c1csc(N)n1
CHEMBL4297101,CEFTOBIPROLE MEDOCARIL,BAL5788|BAL5788-001|CEFTOBIPROLE MEDOCARIL|RO 65-5788,Small molecule,3,712.65,,,-0.54,264.3,16,4,2,8,N,0.09,3.19,0.17,-0.97,-5.96,2,MOL,0,47,19,5,2,690.1162,ACID,C26H25N8NaO11S2,Cc1oc(=O)oc1COC(=O)N1CC[C@@H](N2CC/C(=C\C3=C(C(=O)[O-])N4C(=O)[C@@H](NC(=O)/C(=N/O)c5nsc(N)n5)[C@H]4SC3)C2=O)C1.[Na+]
CHEMBL1908372,CEFBUPERAZONE,BMY-25182|CEFBUPERAZONE|CEFBUPERAZONE SODIUM|T-1982,Small molecule,0,627.66,5,24,-2.84,229.49,14,4,2,10,N,0.09,3.17,None,-1.99,-5.44,1,MOL,0,42,18,4,2,627.153,ACID,C22H29N9O9S2,CCN1CCN(C(=O)N[C@@H](C(=O)N[C@]2(OC)C(=O)N3C(C(=O)O)=C(CSc4nnnn4C)CS[C@@H]32)[C@H](C)O)C(=O)C1=O
CHEMBL826,ENOXACIN,AT-2266|CI-919|COMPRECIN|ENOXACIN|Flumark|NSC-629661|PD 107779|PD-107779|Penetrex,Small molecule,4,320.32,230,1159,0.66,87.46,6,2,0,3,N,0.86,5.31,8.59,-1.01,-1.02,2,MOL,0,23,7,2,0,320.1285,ZWITTERION,C15H17FN4O3,CCn1cc(C(=O)O)c(=O)c2cc(F)c(N3CCNCC3)nc21
CHEMBL575,METHICILLIN,METHICILLIN|METICILLIN|Methicillin|Staphcillin,Small molecule,4,380.42,35,430,0.95,105.17,6,2,0,5,N,0.73,2.96,None,0.79,-2.69,1,MOL,0,26,8,2,0,380.1042,ACID,C17H20N2O6S,COc1cccc(OC)c1C(=O)N[C@@H]1C(=O)N2[C@@H](C(=O)O)C(C)(C)S[C@H]12
CHEMBL1396177,PENICILLIN V BENZATHINE,BENZATHINE PHENOXYMETHYLPENICILLIN|PENICILLIN BENZATHINE PHENOXYMETHYL|PENICILLIN V BENZATHINE,Small molecule,0,941.14,8,10,0.7,95.94,5,2,0,5,N,0.76,3.39,None,0.76,-2.64,1,MOL,0,24,7,2,0,350.0936,ACID,C48H56N6O10S2,CC1(C)S[C@@H]2[C@H](NC(=O)COc3ccccc3)C(=O)N2[C@H]1C(=O)O.CC1(C)S[C@@H]2[C@H](NC(=O)COc3ccccc3)C(=O)N2[C@H]1C(=O)O.c1ccc(CNCCNCc2ccccc2)cc1
CHEMBL2105637,DELAFLOXACIN,ABT-492|DELAFLOXACIN|RX-3341|WQ-3034,Small molecule,4,440.77,,,1.92,121.68,7,3,0,3,N,0.57,5.43,None,2.56,0.59,3,MOL,0,30,8,4,0,440.0499,ACID,C18H12ClF3N4O4,Nc1nc(-n2cc(C(=O)O)c(=O)c3cc(F)c(N4CC(O)C4)c(Cl)c32)c(F)cc1F
CHEMBL2107636,CEFAZEDONE,CEFAZEDONE,Small molecule,0,548.46,1,6,1.85,134.49,10,2,1,7,N,0.39,3,0.24,1.11,-2.37,2,MOL,0,33,10,2,1,546.9612,ACID,C18H15Cl2N5O5S3,Cc1nnc(SCC2=C(C(=O)O)N3C(=O)[C@@H](NC(=O)Cn4cc(Cl)c(=O)c(Cl)c4)[C@H]3SC2)s1
CHEMBL850,SPARFLOXACIN,AT-4140|CI-978|SPARFLOXACIN|Spara|Zagam,Small molecule,4,392.41,192,1388,2.08,100.59,6,3,0,3,N,0.69,5.56,8.79,-0.07,-0.07,2,MOL,0,28,7,4,0,392.166,ZWITTERION,C19H22F2N4O3,C[C@H]1CN(c2c(F)c(N)c3c(=O)c(C(=O)O)cn(C4CC4)c3c2F)C[C@@H](C)N1
CHEMBL1201018,CEFACLOR,BACTICLOR MR|CECLOR CD|CEFACLOR|CEFACLOR MONOHYDRATE|COMPOUND 99638|COMPOUND-99638|Ceclor|DISTACLOR|DISTACLOR MR|J01DC04|KEFTID|Raniclor,Small molecule,4,385.83,17,32,0.62,112.73,5,3,0,4,N,0.67,2.83,7.23,-2.31,-2.66,1,MOL,0,24,7,4,0,367.0394,ACID,C15H16ClN3O5S,N[C@@H](C(=O)N[C@@H]1C(=O)N2C(C(=O)O)=C(Cl)CS[C@H]12)c1ccccc1.O
CHEMBL1609,MANDELIC ACID,MANDELIC ACID|Mandelic Acid,Small molecule,4,152.15,19,26,0.8,57.53,2,2,0,2,Y,0.66,3.75,None,0.9,-2.39,1,MOL,0,11,3,2,0,152.0473,ACID,C8H8O3,O=C(O)C(O)c1ccccc1
CHEMBL2303613,CEFODIZIME,CEFODIZIME|CEFODIZIME SODIUM|Cefodizime|HR 221 [AS SODIUM]|S 77 1221 B [AS SODIUM]|THR 221 [AS SODIUM]|TIMECEF,Small molecule,4,584.68,9,44,1,197.4,13,4,2,10,N,0.13,-1.44,4.19,0.24,-5.49,2,MOL,0,37,13,5,2,584.0276,ACID,C20H20N6O7S4,CO/N=C(\C(=O)N[C@@H]1C(=O)N2C(C(=O)O)=C(CSc3nc(C)c(CC(=O)O)s3)CS[C@H]12)c1csc(N)n1
CHEMBL1605,CEFTIBUTEN,7432-S|ACHN-383|ACHN383|CEFTIBUTEN|CEFTIBUTEN DIHYDRATE|Cedax|Ceftibuten|Ceftibuten dihydrate|SCH 39720|SCH-39720|Seftem,Small molecule,4,410.43,17,109,-0.05,162.92,8,4,0,6,N,0.37,2.85,4.68,-1.48,-6.83,1,MOL,0,27,10,5,0,410.0355,ACID,C15H14N4O6S2,Nc1nc(/C(=C/CC(=O)O)C(=O)N[C@@H]2C(=O)N3C(C(=O)O)=CCS[C@H]23)cs1
CHEMBL31891,BRODIMOPRIM,BRODIMOPRIM,Small molecule,0,339.19,11,33,2.01,96.28,6,2,0,4,N,0.88,None,7.16,2.21,2.02,2,MOL,0,20,6,4,0,338.0378,NEUTRAL,C13H15BrN4O2,COc1cc(Cc2cnc(N)nc2N)cc(OC)c1Br
CHEMBL3351077,CEFSULODIN,CEFSULODIN,Small molecule,4,532.56,39,77,-0.9,190.88,8,3,1,8,N,0.22,-1.37,None,-5.83,-7.46,2,MOL,0,36,12,4,2,532.0723,ACID,C22H20N4O8S2,NC(=O)c1cc[n+](CC2=C(C(=O)O)N3C(=O)[C@@H](NC(=O)[C@@H](c4ccccc4)S(=O)(=O)[O-])[C@H]3SC2)cc1
CHEMBL222645,FLOXACILLIN,ABBOFLOX|BRL 2039|BRL-2039|FLOXACILLIN|FLUCLOMIX-250|FLUCLOMIX-500|FLUCLOXACILLIN|FLUCLOXACILLIN SODIUM|FLUCLOXIN|Floxapen|GALFLOXIN|LADROPEN|RIMAFLOX|STAFOXIL|STAPHLIPEN|ZOXIN 250|ZOXIN 500,Small molecule,4,453.88,17,77,2.69,112.74,6,2,0,4,N,0.68,3.75,None,2.44,-0.84,2,MOL,0,30,8,2,0,453.0561,ACID,C19H17ClFN3O5S,Cc1onc(-c2c(F)cccc2Cl)c1C(=O)N[C@@H]1C(=O)N2[C@@H](C(=O)O)C(C)(C)S[C@H]12
CHEMBL130,CHLORAMPHENICOL,AMPHICOL|BROCHLOR|BROLENE ANTIBIOTIC|CHLORAMPHENICOL|CHLOROFAIR|CHLOROPTIC|CHLOROPTIC S.O.P.|Chloramex|Chloramphenicol|Chlorbiotic|Chloromycetin|ECONOCHLOR|GOLDEN EYE ANTIBIOTIC|KEMICETINE|KLORAFECT|Kernispray|MYCHEL|Mychel-S|NSC-16331|NSC-3069|OPHTHOCHLOR|OPTOMYCIN|SNO PHENICOL|TUBILUX INFECTED EYES|Tevcocin,Small molecule,4,323.13,422,5893,0.91,112.7,5,3,0,6,N,0.41,8.69,None,0.88,0.86,1,MOL,0,20,7,3,0,322.0123,NEUTRAL,C11H12Cl2N2O5,O=C(N[C@H](CO)[C@H](O)c1ccc([N+](=O)[O-])cc1)C(Cl)Cl
CHEMBL311350,PIROMIDIC ACID,PD-93|PIROMIDIC ACID|Piromidic acid,Small molecule,0,288.31,118,300,1.11,88.32,6,1,0,3,N,0.91,5.44,4.01,1.41,-0.38,2,MOL,0,21,7,1,0,288.1222,ACID,C14H16N4O3,CCn1cc(C(=O)O)c(=O)c2cnc(N3CCCC3)nc21
CHEMBL1604,CEPHRADINE,Anspor|CEFRADINE|CEPHRADINE|Cefradine|Ecosporina|NICEF|SK&F D-39304|SK-D-39304|SQ 11436|SQ 22022 [DIHYDRATE]|SQ-11436|SQ-22022|VELOSEF '125'|VELOSEF '250'|VELOSEF '500'|Velosef,Small molecule,4,349.41,27,108,0.35,112.73,5,3,0,4,N,0.5,3.27,7.6,-2.45,-2.64,0,MOL,0,24,7,4,0,349.1096,ACID,C16H19N3O4S,CC1=C(C(=O)O)N2C(=O)[C@@H](NC(=O)[C@H](N)C3=CCC=CC3)[C@H]2SC1
CHEMBL374975,FUSIDIC ACID,"CEM-102|FUCIDIN CAVIJECT|FUCITHALMIC|FUSIDIC ACID|NSC-56192|SQ 16,603|SQ-16603",Small molecule,4,516.72,54,495,5.67,104.06,5,3,2,5,N,0.25,4.46,None,4.42,1.58,0,MOL,0,37,6,3,2,516.3451,ACID,C31H48O6,CC(=O)O[C@H]1C[C@@]2(C)[C@@H](C[C@@H](O)[C@H]3[C@@]4(C)CC[C@@H](O)[C@@H](C)[C@@H]4CC[C@@]32C)/C1=C(\CCC=C(C)C)C(=O)O
CHEMBL560976,DIBEKACIN,DIBEKACIN|DIBEKACIN SULFATE,Small molecule,0,451.52,11,59,-5.27,247.94,13,9,2,6,N,0.18,12.54,9.8,-5.33,-12.72,0,MOL,0,31,13,14,2,451.2642,BASE,C18H37N5O8,NC[C@@H]1CC[C@@H](N)[C@@H](O[C@@H]2[C@@H](N)C[C@@H](N)[C@H](O[C@H]3O[C@H](CO)[C@@H](O)[C@H](N)[C@H]3O)[C@H]2O)O1
CHEMBL2103764,CEFETAMET,CEFETAMET|CEFETAMET PIVOXIL HYDROCHLORIDE,Small molecule,0,397.44,7,38,-0.17,147.21,9,3,0,5,N,0.35,2.72,3.61,-0.65,-3.35,1,MOL,0,26,10,4,0,397.0515,ACID,C14H15N5O5S2,CO/N=C(\C(=O)N[C@@H]1C(=O)N2C(C(=O)O)=C(C)CS[C@H]12)c1csc(N)n1
CHEMBL1276663,CEFOZOPRAN,CEFOZOPRAN,Small molecule,0,515.54,10,66,-2.49,184.11,13,2,2,7,N,0.15,2.74,0.07,-4.34,-4.63,3,MOL,0,35,14,3,2,515.0794,ACID,C19H17N9O5S2,CO/N=C(\C(=O)N[C@@H]1C(=O)N2C(C(=O)[O-])=C(C[n+]3ccn4ncccc43)CS[C@H]12)c1nsc(N)n1
CHEMBL2107486,TEBIPENEM PIVOXIL,"L-084|LJC 11,084|LJC 11084|LJC-11084|ME-1211|ME1211|Orapenem|TBPM-PI|TEBIPENEM PIVOXIL",Small molecule,3,497.64,17,29,1.67,108.74,10,1,0,6,N,0.33,None,6.27,1.59,1.56,0,MOL,0,33,9,1,0,497.1654,NEUTRAL,C22H31N3O6S2,C[C@@H](O)[C@H]1C(=O)N2C(C(=O)OCOC(=O)C(C)(C)C)=C(SC3CN(C4=NCCS4)C3)[C@H](C)[C@H]12
CHEMBL1214185,ROXITHROMYCIN,ROXITHROMYCIN|RU 28965|RU 965|RU-28965|RU-965|RULID|Rulide,Small molecule,4,837.06,143,669,2.21,216.89,17,5,2,13,N,0.08,12.45,9.08,3,1.32,0,MOL,0,58,17,5,2,836.5246,BASE,C41H76N2O15,CC[C@H]1OC(=O)[C@H](C)[C@@H](O[C@H]2C[C@@](C)(OC)[C@@H](O)[C@H](C)O2)[C@H](C)[C@@H](O[C@@H]2O[C@H](C)C[C@H](N(C)C)[C@H]2O)[C@](C)(O)C[C@@H](C)/C(=N\OCOCCOC)[C@H](C)[C@@H](O)[C@]1(C)O
CHEMBL1449,TICARCILLIN,TICARCILLIN|Ticarcillin,Small molecule,4,384.44,65,878,0.55,124.01,6,3,0,5,N,0.5,3.09,None,0.6,-5.97,1,MOL,0,25,8,3,0,384.045,ACID,C15H16N2O6S2,CC1(C)S[C@@H]2[C@H](NC(=O)[C@H](C(=O)O)c3ccsc3)C(=O)N2[C@H]1C(=O)O
CHEMBL1276310,TEMOCILLIN,BRL 17421 FREE ACID|BRL 17421 [AS SODIUM]|BRL-17421|BRL-17421 FREE ACID|TEMOCILLIN,Small molecule,3,414.46,10,31,0.52,133.24,7,3,0,6,N,0.35,3.1,None,1.2,-5.37,1,MOL,0,27,9,3,0,414.0555,ACID,C16H18N2O7S2,CO[C@@]1(NC(=O)C(C(=O)O)c2ccsc2)C(=O)N2[C@@H](C(=O)O)C(C)(C)S[C@@H]21
CHEMBL65794,CEFPIROME,CEFPIROME|HR-810 FREE BASE,Small molecule,4,514.59,42,279,-1.04,153.92,10,2,1,7,N,0.21,2.67,3.54,-4.02,-3.65,2,MOL,0,35,11,3,2,514.1093,ACID,C22H22N6O5S2,CO/N=C(\C(=O)N[C@@H]1C(=O)N2C(C(=O)[O-])=C(C[n+]3cccc4c3CCC4)CS[C@H]12)c1csc(N)n1
CHEMBL1449676,ORNIDAZOLE,NSC-95075|ORNIDAZOLE|RO 7-0207|RO-7-0207|RO-70207|TIBERAL,Small molecule,4,219.63,29,74,0.7,81.19,5,1,0,4,N,0.46,13.82,3.27,0.26,0.26,1,MOL,0,14,6,1,0,219.0411,NEUTRAL,C7H10ClN3O3,Cc1ncc([N+](=O)[O-])n1CC(O)CCl
CHEMBL615,PENICILLIN V,PENICILLIN PHENOXYMETHYL|PENICILLIN V|PHENOMYCILLINE|PHENOXYMETHYLPENICILLIN|Penapar-VK|Penicillin-VK|V-Cillin|Veetids,Small molecule,4,350.4,45,238,0.7,95.94,5,2,0,5,N,0.76,3.39,None,0.76,-2.64,1,MOL,0,24,7,2,0,350.0936,ACID,C16H18N2O5S,CC1(C)S[C@@H]2[C@H](NC(=O)COc3ccccc3)C(=O)N2[C@H]1C(=O)O
CHEMBL316157,CEPHALORIDINE,40602|CEFALORIDINE|CEPHALORIDINE|Cephaloridine|Kefloridin|Loridine,Small molecule,0,415.5,76,394,-0.32,93.42,6,1,0,6,N,0.52,3.09,None,-3.09,-3.32,2,MOL,0,28,7,1,0,415.066,ACID,C19H17N3O4S2,O=C(Cc1cccs1)N[C@@H]1C(=O)N2C(C(=O)[O-])=C(C[n+]3ccccc3)CS[C@H]12
CHEMBL485940,SULFAMETOMIDINE,SULFAMETOMIDINE,Small molecule,0,294.34,3,8,1.18,107.2,6,2,0,4,N,0.82,7.19,4.64,1.39,1.02,2,MOL,0,20,7,3,0,294.0787,NEUTRAL,C12H14N4O3S,COc1cc(NS(=O)(=O)c2ccc(N)cc2)nc(C)n1
CHEMBL2105612,PROPICILLIN,BAYCILLIN|PHENOXYPROPYLPENICILLIN|PROPICILLIN|PROPICILLIN POTASSIUM,Small molecule,4,378.45,,,1.48,95.94,5,2,0,6,N,0.73,3.39,None,1.85,-1.55,1,MOL,0,26,7,2,0,378.1249,ACID,C18H22N2O5S,CCC(Oc1ccccc1)C(=O)N[C@@H]1C(=O)N2[C@@H](C(=O)O)C(C)(C)S[C@H]12
CHEMBL1296,CEFOTIAM,CEFOTIAM|Cefotiam|Ceradon|J01DC07,Small molecule,4,525.64,13,53,-0.65,172.46,13,3,2,10,N,0.26,2.84,8.34,-3.09,-3.11,2,MOL,0,34,13,4,2,525.1035,ACID,C18H23N9O4S3,CN(C)CCn1nnnc1SCC1=C(C(=O)O)N2C(=O)[C@@H](NC(=O)Cc3csc(N)n3)[C@H]2SC1
CHEMBL137,METRONIDAZOLE,ACEA|ANABACT|BAY-5360|BAYER 5360|BAYER-5360|DRAZIFON|ELYZOL|FLAGYL COMPAK|FLAGYL ER|FLAGYL-400|FLAGYL-S|Flagyl|Flagyl 375|Flagyl i.v. rtu in plastic container|METRO I.V.|METROCREAM|METROGEL-VAGINAL|METROLOTION|METROLYL|METROMIDOL|METRONIDAZOLE|METROSA|METROTOP|Metric 21|Metrogel|NEUTRATOP|NORZOL|NSC-50364|NSC-69587|NUVESSA|Noritate|PROTOSTAT|ROSICED|ROZEX|RP 8823|RP-8823|SATRIC|VAGINYL|Vandazole|ZADSTAT|ZIDOVAL|ZYOMET,Small molecule,4,171.16,292,3259,0.09,81.19,5,1,0,3,N,0.52,None,3.03,-0.46,-0.46,1,MOL,0,12,6,1,0,171.0644,NEUTRAL,C6H9N3O3,Cc1ncc([N+](=O)[O-])n1CCO
CHEMBL370252,FLUMEQUINE,FLUMEQUINE,Small molecule,0,261.25,22,108,2.35,59.3,3,1,0,1,Y,0.86,5.81,None,2.42,0.82,2,MOL,0,19,4,1,0,261.0801,ACID,C14H12FNO3,CC1CCc2cc(F)cc3c(=O)c(C(=O)O)cn1c23
CHEMBL1741,CLARITHROMYCIN,A-56268|ABBOTT-56268|BIAXIN XL|Biaxin|Biaxin XL Pac|CLARIE XL|CLARITHROMYCIN|CLARITHROMYCIN IDENTITY|CLAROSIP|Clarithromycin extended release|FEBZIN XL|KLARICID|KLARICID 500|KLARICID ADULT|KLARICID I.V.|KLARICID PAED|KLARICID XL|MYCIFOR XL|Prevpac|TE-031|XETININ XL|ZECLAR,Small molecule,4,747.96,223,3092,2.44,182.91,14,4,2,8,N,0.27,12.46,8.38,3.24,2.22,0,MOL,0,52,14,4,2,747.4769,NEUTRAL,C38H69NO13,CC[C@H]1OC(=O)[C@H](C)[C@@H](O[C@H]2C[C@@](C)(OC)[C@@H](O)[C@H](C)O2)[C@H](C)[C@@H](O[C@@H]2O[C@H](C)C[C@H](N(C)C)[C@H]2O)[C@](C)(OC)C[C@@H](C)C(=O)[C@H](C)[C@@H](O)[C@]1(C)O
CHEMBL29,BENZYLPENICILLIN,BENZYLPENICILLIN|BENZYLPENICILLIN |Benzylpenicillin|Bicillin|CRYSTAPEN G|J01CE01|NSC-193396|PENICILLIN G|Penicillin G|Penicillin-2|Permapen|Pfizerpen-AS,Small molecule,4,334.4,351,3827,0.86,86.71,4,2,0,4,N,0.8,3.53,None,1.08,-2.29,1,MOL,0,23,6,2,0,334.0987,ACID,C16H18N2O4S,CC1(C)S[C@@H]2[C@H](NC(=O)Cc3ccccc3)C(=O)N2[C@H]1C(=O)O
CHEMBL1433,DOXYCYCLINE,DOXYCYCLINE|GS-3065|Vibramycin,Small molecule,4,444.44,248,2102,-0.35,181.62,9,6,1,2,N,0.33,2.92,7.46,-3.29,-3.57,1,MOL,0,32,10,7,1,444.1533,ACID,C22H24N2O8,C[C@H]1c2cccc(O)c2C(=O)C2=C(O)[C@]3(O)C(=O)C(C(N)=O)=C(O)[C@@H](N(C)C)[C@@H]3[C@@H](O)[C@@H]21
CHEMBL1443,NAFCILLIN,NAFCILLIN|Nafcillin|Nallpen|Unipen,Small molecule,4,414.48,18,188,2.48,95.94,5,2,0,5,N,0.73,3.31,None,2.29,-1.13,2,MOL,0,29,7,2,0,414.1249,ACID,C21H22N2O5S,CCOc1ccc2ccccc2c1C(=O)N[C@@H]1C(=O)N2[C@@H](C(=O)O)C(C)(C)S[C@H]12
CHEMBL1200729,CHLORAMPHENICOL SODIUM SUCCINATE,CHLORAMPHENICOL MONOSUCCINATE SODIUM SALT|CHLORAMPHENICOL SODIUM SUCCINATE|Chloromyccetin Sod Succ|Chloromycetin|MYCHEL-S|Paraxin|Protophenicol,Small molecule,4,445.19,4,21,1.32,156.07,7,3,0,10,N,0.22,3.65,None,1.14,-2.19,1,MOL,0,27,10,3,0,422.0284,ACID,C15H15Cl2N2NaO8,O=C([O-])CCC(=O)OC[C@@H](NC(=O)C(Cl)Cl)[C@H](O)c1ccc([N+](=O)[O-])cc1.[Na+]
CHEMBL485696,SULFISOMIDINE,SULFAISODIMIDINE|SULFISOMIDINE|SULFISOMIDINE SODIUM|SULPHASOMIDINE|Sulfaisodimidine,Small molecule,0,278.34,5,27,1.48,97.97,5,2,0,3,N,0.83,6.12,5,0.91,0.28,2,MOL,0,19,6,3,0,278.0837,ACID,C12H14N4O2S,Cc1cc(NS(=O)(=O)c2ccc(N)cc2)nc(C)n1
CHEMBL446,SULFAMETHAZINE,SMZ-MED 454|SULFADIMIDINE|SULFAMETHAZINE|SULFAMETHAZINE (TRISULFAPYRIMIDINES)|SULFAMEZATHINE ('S-MEZ')|Sulfamethazine,Small molecule,4,278.34,137,350,1.48,97.97,5,2,0,3,N,0.83,6.99,2,0.65,0.21,2,MOL,0,19,6,3,0,278.0837,NEUTRAL,C12H14N4O2S,Cc1cc(C)nc(NS(=O)(=O)c2ccc(N)cc2)n1
CHEMBL161,CEFTRIAXONE,CEFTRIAXONE|Ceftriaxone,Small molecule,4,554.59,202,2598,-1.2,215.22,15,4,2,8,N,0.13,2.72,3.54,-1,-5.53,2,MOL,0,36,15,5,2,554.0461,ACID,C18H18N8O7S3,CO/N=C(\C(=O)N[C@@H]1C(=O)N2C(C(=O)O)=C(CSc3nc(=O)c(O)nn3C)CS[C@H]12)c1csc(N)n1
CHEMBL1476605,CLOFOCTOL,CLOFOCTOL,Small molecule,0,365.34,36,68,7,20.23,1,1,1,4,N,0.62,10.28,None,7.99,7.99,2,MOL,0,24,1,1,1,364.1361,NEUTRAL,C21H26Cl2O,CC(C)(C)CC(C)(C)c1ccc(O)c(Cc2ccc(Cl)cc2Cl)c1
CHEMBL1747,TOBRAMYCIN,47663|Aktob|BETHKIS|BRAMITOB|KITABIS PAK|NEBCIN|NEBRAMYCIN FACTOR 6|NEBRIS|NSC-180514|Nebcin|Nebicin|Nebramycin|Obramycin|TOBI PODHALER|TOBRALEX|TOBRAMYCIN|TOBRAVISC|TYMBRINEB|Tobi|Tobradex|Tobradex ST|Tobrex|VANTOBRA,Small molecule,4,467.52,211,2345,-6.3,268.17,14,10,2,6,N,0.17,12.53,9.54,-6.48,-13.16,0,MOL,0,32,14,15,2,467.2591,BASE,C18H37N5O9,NC[C@H]1O[C@H](O[C@@H]2[C@@H](N)C[C@@H](N)[C@H](O[C@H]3O[C@H](CO)[C@@H](O)[C@H](N)[C@H]3O)[C@H]2O)[C@H](N)C[C@@H]1O
CHEMBL561,LOMEFLOXACIN,LOMEFLOXACIN|Lomefloxacin|Maxaquin|OKACYN|SC-47111A,Small molecule,4,351.35,175,928,1.8,74.57,5,2,0,3,N,0.88,5.45,8.7,-0.42,-0.42,2,MOL,0,25,6,2,0,351.1394,ZWITTERION,C17H19F2N3O3,CCn1cc(C(=O)O)c(=O)c2cc(F)c(N3CCNC(C)C3)c(F)c21
CHEMBL1689772,OMADACYCLINE,Amadacycline|BAY 73-6944|OMADACYCLINE|PTK 0796,Small molecule,4,556.66,12,70,1.32,176.66,10,6,2,6,N,0.28,2.85,10.49,-2.18,-2.25,1,MOL,0,40,11,7,3,556.2897,ZWITTERION,C29H40N4O7,CN(C)c1cc(CNCC(C)(C)C)c(O)c2c1C[C@H]1C[C@H]3[C@H](N(C)C)C(O)=C(C(N)=O)C(=O)[C@@]3(O)C(O)=C1C2=O
CHEMBL532,ERYTHROMYCIN,"A/T/S|AKNE-MYCIN|AKNEMYCIN PLUS|Benzamycin|Bristamycin|C-SOLVE-2|E-BASE|E-Base|E-GLADES|E-Glades|E-Mycin|E-SOLVE 2|E-mycin|ERY-TAB|ERYACNE 2|ERYACNE 4|ERYC 125|ERYC SPRINKLES|ERYCETTE|ERYMAX SPRINKLE|ERYTHRA-DERM|ERYTHRO-STATIN|ERYTHROMYCIN|ERYTHROMYCIN ESTOLATE IMPURITY, FREE ERYTHROMYCIN-|Emgel|Eryc|Eryderm|Erygel|Erymax|Erypar|Erythro 200|Erythro-Statin|Erythrocin|Erythromycin|Gallimycin|ISOTREXIN|Ilotycin|J01FA01|KERYMAX|NSC-55929|OFTALMOLOSA CUSI ERITROMICINA|PAEDIATHROCIN|PCE|Pfizer-E|R-P MYCIN|RETCIN|ROBIMYCIN|ROMMIX 250 EC|ROMMIX 500 EC|SANSAC|STATICIN|STIEMYCIN|T-STAT|TILORYTH|Wyamycin|ZINERYT",Small molecule,4,733.94,310,4235,1.79,193.91,14,5,2,7,N,0.24,12.45,8.38,2.6,1.57,0,MOL,0,51,14,5,2,733.4612,NEUTRAL,C37H67NO13,CC[C@H]1OC(=O)[C@H](C)[C@@H](O[C@H]2C[C@@](C)(OC)[C@@H](O)[C@H](C)O2)[C@H](C)[C@@H](O[C@@H]2O[C@H](C)C[C@H](N(C)C)[C@H]2O)[C@](C)(O)C[C@@H](C)C(=O)[C@H](C)[C@@H](O)[C@]1(C)O
CHEMBL186,CEFEPIME,BMY-28142|CEFEPIME|J01DE01|Maxipime|RENAPIME|VNRX-5022,Small molecule,4,480.57,132,3310,-1.28,150.04,10,2,0,7,N,0.21,2.82,3.62,-4.22,-3.45,1,MOL,0,32,11,3,1,480.125,ACID,C19H24N6O5S2,CO/N=C(\C(=O)N[C@@H]1C(=O)N2C(C(=O)[O-])=C(C[N+]3(C)CCCC3)CS[C@H]12)c1csc(N)n1
CHEMBL700,SULFAPYRIDINE,CONCORD 693|Coccoclase|DAGENAN|Eubasin|Piridazol|SULFAPYRIDINE|SULPHAPYRIDINE|Sulfanilamidopyridine|Sulfapyridine,Small molecule,4,249.3,36,123,1.46,85.08,4,2,0,3,N,0.81,6.24,2.14,1.01,0.24,2,MOL,0,17,5,3,0,249.0572,ACID,C11H11N3O2S,Nc1ccc(S(=O)(=O)Nc2ccccn2)cc1
CHEMBL62193,SULFADIMETHOXINE,Madribon|SULFADIMETHOXINE|SULPHADIMETHOXINE,Small molecule,4,310.34,133,570,0.88,116.43,7,2,0,5,N,0.79,6.91,1.99,1.26,0.78,2,MOL,0,21,8,3,0,310.0736,NEUTRAL,C12H14N4O4S,COc1cc(NS(=O)(=O)c2ccc(N)cc2)nc(OC)n1
CHEMBL3184906,CEFPROZIL,BBS-1067|BMY-28100-03-800|BMY-28167|CEFPROZIL|CEFPROZIL E-FORM|CEFPROZIL MONOHYDRATE|Cefzil,Small molecule,4,407.45,1,1,0.71,132.96,6,4,0,5,N,0.55,3.3,7.22,-1.92,-2.28,1,MOL,0,27,8,5,0,389.1045,ACID,C18H21N3O6S,CC=CC1=C(C(=O)O)N2C(=O)[C@@H](NC(=O)[C@H](N)c3ccc(O)cc3)[C@H]2SC1.O
CHEMBL1201116,HETACILLIN,BL-P 804|BRL-804|HETACILLIN|Hetacin|Natacillin|Versapen,Small molecule,4,389.48,9,29,1.41,89.95,5,2,0,3,N,0.76,3.33,4.79,0.06,-1.99,1,MOL,0,27,7,2,0,389.1409,ACID,C19H23N3O4S,CC1(C)S[C@@H]2[C@H](N3C(=O)[C@@H](c4ccccc4)NC3(C)C)C(=O)N2[C@H]1C(=O)O
CHEMBL1236282,THIAMPHENICOL,Dextrosulphenidol|NSC-522822|THIAMPHENICOL|THIAMPHENICOL AMINOACETATE HYDROCHLORIDE|Thiocymetin|Thiophenicol|WIN 5063-2|WIN-5063-2,Small molecule,1,356.23,127,606,0.4,103.7,5,3,0,6,N,0.64,8.75,None,-0.22,-0.24,1,MOL,0,21,6,3,0,355.0048,NEUTRAL,C12H15Cl2NO5S,CS(=O)(=O)c1ccc([C@@H](O)[C@@H](CO)NC(=O)C(Cl)Cl)cc1
CHEMBL1200544,CEPHALEXIN,66873|CEFALEXIN|CEFALEXIN MONOHYDRATE|CEPHALEXIN|CEPHALEXIN MONOHYDRATE|CEPOREX|Cefalexin hydrate|KIFLONE|Keflet|Keflex|LY-66873|PANIXINE DISPERDOSE|TENKOREX,Small molecule,4,365.41,10,10,0.44,112.73,5,3,0,4,N,0.68,3.26,7.23,-2.14,-2.5,1,MOL,0,24,7,4,0,347.094,ACID,C16H19N3O5S,CC1=C(C(=O)O)N2C(=O)[C@@H](NC(=O)[C@H](N)c3ccccc3)[C@H]2SC1.O
CHEMBL277100,TEMAFLOXACIN,Omniflox|TEMAFLOXACIN,Small molecule,4,417.39,133,578,2.9,74.57,5,2,0,3,N,0.69,5.41,8.76,1.06,1.06,3,MOL,0,30,6,2,0,417.13,ZWITTERION,C21H18F3N3O3,CC1CN(c2cc3c(cc2F)c(=O)c(C(=O)O)cn3-c2ccc(F)cc2F)CCN1
CHEMBL1596,CARBENICILLIN INDANYL,CARBENICILLIN INDANYL|CARINDACILLIN|Carbenicillin indanyl,Small molecule,4,494.57,3,3,2.5,113.01,6,2,0,6,N,0.27,3.29,None,3.63,0.2,2,MOL,0,35,8,2,0,494.1512,ACID,C26H26N2O6S,CC1(C)S[C@@H]2[C@H](NC(=O)C(C(=O)Oc3ccc4c(c3)CCC4)c3ccccc3)C(=O)N2[C@H]1C(=O)O
CHEMBL1208,CINOXACIN,64716|CINOXACIN|Cinobac|NSC-304467,Small molecule,4,262.22,38,140,0.84,90.65,6,1,0,2,N,0.86,4.93,None,1.72,-0.72,2,MOL,0,19,7,1,0,262.059,ACID,C12H10N2O5,CCn1nc(C(=O)O)c(=O)c2cc3c(cc21)OCO3
CHEMBL126,LINEZOLID,"LINEZOLID|U-100,766|U-100766|Zyvox",Small molecule,4,337.35,218,6607,1.12,71.11,5,1,0,4,N,0.89,None,None,0.64,0.64,1,MOL,0,24,7,1,0,337.1438,NEUTRAL,C16H20FN3O4,CC(=O)NC[C@H]1CN(c2ccc(N3CCOCC3)c(F)c2)C(=O)O1
CHEMBL572,NITROFURANTOIN,"BERKFURIN|CEDURAN|Dantafur|FURALAN|Furadantin|GENFURA|Ivadantin|MACROBID|Macrodantin|NITROFURANTOIN|NITROFURANTOIN (MONOHYDRATE/MACROCRYSTALS)|NITROFURANTOIN MACROCRYSTALLINE|NITROFURANTOIN, MACROCRYSTALLINE|NSC-2107|NSC-44150|Nitrofurantoin",Small molecule,4,238.16,213,3155,0.07,118.05,6,1,0,3,N,0.35,8.23,None,-0.22,-0.28,1,MOL,0,17,9,1,0,238.0338,NEUTRAL,C8H6N4O5,O=C1CN(/N=C/c2ccc([N+](=O)[O-])o2)C(=O)N1
CHEMBL1731,MEZLOCILLIN,BAY-F-1353|BAYPEN|MEZLOCILLIN|Mezlocillin|Multocillin,Small molecule,4,539.59,11,74,-0.23,173.5,8,3,1,6,N,0.41,3.49,None,-0.84,-4.22,1,MOL,0,36,13,3,2,539.1145,ACID,C21H25N5O8S2,CC1(C)S[C@@H]2[C@H](NC(=O)[C@H](NC(=O)N3CCN(S(C)(=O)=O)C3=O)c3ccccc3)C(=O)N2[C@H]1C(=O)O
CHEMBL1191,SULFAMETHIZOLE,MICROSUL|Methazol|PROKLAR|SULFAMETHIZOLE|SULPHAMETHIZOLE|Sulfamethizole|Sulphamethylthiadiazole|Tetracid|Thiosulfil|UROLUCOSIL,Small molecule,4,270.34,131,366,1.23,97.97,6,2,0,3,N,0.82,6.71,1.95,0.21,-0.36,2,MOL,0,17,6,3,0,270.0245,NEUTRAL,C9H10N4O2S2,Cc1nnc(NS(=O)(=O)c2ccc(N)cc2)s1
CHEMBL2105499,SULFAPERIN,ISOSULFAMERAZINE|SULFAPERIN,Small molecule,0,264.31,1,2,1.17,97.97,5,2,0,3,N,0.81,7.03,2.02,0.9,0.48,2,MOL,0,18,6,3,0,264.0681,NEUTRAL,C11H12N4O2S,Cc1cnc(NS(=O)(=O)c2ccc(N)cc2)nc1
CHEMBL4,OFLOXACIN,DL-8280|EXOCIN|FLOXIN OTIC|Floxin|HOE 280|HOE-280|J01MA01|OFLOXACIN|Ocuflox|TARIVID|TARIVID 400|TARIVID I.V.|Visiren,Small molecule,4,361.37,275,2517,1.54,75.01,6,1,0,2,N,0.87,5.29,6.16,0.51,-0.47,2,MOL,0,26,7,1,0,361.1438,ACID,C18H20FN3O4,CC1COc2c(N3CCN(C)CC3)c(F)cc3c(=O)c(C(=O)O)cn1c23